time,name,mac,rssi
1485172479,Cognimatics 2.4,e0:3f:49:25:d6:b0,-62
1485172479,Cognimatics Guest,e0:3f:49:25:d6:b1,-64
1485172479,Cognimatics Guest,e0:3f:49:25:d6:b1,-64
1485172480,Cognimatics 2.4,e0:3f:49:25:d6:b0,-66
1485172480,Cognimatics Guest,e0:3f:49:25:d6:b1,-66
1485172480,Worxmate Guest,28:10:7b:15:f1:8e,-48
1485172480,Cognimatics 2.4,e0:3f:49:25:d6:b0,-66
1485172480,Worxmate Guest,28:10:7b:15:f1:8e,-42
1485172480,Cognimatics Guest,e0:3f:49:25:d6:b1,-68
1485172480,Worxmate Guest,28:10:7b:15:f1:8e,-44
1485172480,Cognimatics 2.4,e0:3f:49:25:d6:b0,-66
1485172480,Cognimatics Guest,e0:3f:49:25:d6:b1,-66
1485172480,Worxmate Guest,28:10:7b:15:f1:8e,-56
1485172480,Cognimatics 2.4,e0:3f:49:25:d6:b0,-66
1485172480,Cognimatics 2.4,e0:3f:49:25:d6:b0,-66
1485172480,Cognimatics Guest,e0:3f:49:25:d6:b1,-66
1485172480,Cognimatics 2.4,e0:3f:49:25:d6:b0,-64
1485172480,Cognimatics Guest,e0:3f:49:25:d6:b1,-64
1485172480,Cognimatics 2.4,e0:3f:49:25:d6:b0,-64
1485172480,Cognimatics Guest,e0:3f:49:25:d6:b1,-64
1485172481,Cognimatics Guest,e0:3f:49:25:d6:b1,-64
1485172481,Cognimatics 2.4,e0:3f:49:25:d6:b0,-62
1485172481,Cognimatics Guest,e0:3f:49:25:d6:b1,-62
1485172481,Cognimatics Guest,e0:3f:49:25:d6:b1,-62
1485172481,Worxmate_GUEST,d0:17:c2:b3:49:73,-80
1485172481,Combain,d0:17:c2:b3:49:70,-82
1485172481,Cognimatics 2.4,e0:3f:49:25:d6:b0,-56
1485172481,Cognimatics 2.4,e0:3f:49:25:d6:b0,-54
1485172481,Cognimatics 2.4,e0:3f:49:25:d6:b0,-58
1485172481,Cognimatics Guest,e0:3f:49:25:d6:b1,-60
1485172481,Cognimatics 2.4,e0:3f:49:25:d6:b0,-64
1485172481,Cognimatics Guest,e0:3f:49:25:d6:b1,-64
1485172481,Cognimatics 2.4,e0:3f:49:25:d6:b0,-60
1485172481,Cognimatics Guest,e0:3f:49:25:d6:b1,-60
1485172481,Cognimatics Guest,e0:3f:49:25:d6:b1,-64
1485172481,Cognimatics 2.4,e0:3f:49:25:d6:b0,-54
1485172481,Cognimatics Guest,e0:3f:49:25:d6:b1,-56
1485172481,Cognimatics Guest,e0:3f:49:25:d6:b1,-56
1485172481,Cognimatics Guest,e0:3f:49:25:d6:b1,-56
1485172481,Cognimatics 2.4,e0:3f:49:25:d6:b0,-64
1485172481,Cognimatics Guest,e0:3f:49:25:d6:b1,-64
1485172481,Cognimatics 2.4,e0:3f:49:25:d6:b0,-58
1485172482,Cognimatics 2.4,e0:3f:49:25:d6:b0,-56
1485172482,Cognimatics 2.4,e0:3f:49:25:d6:b0,-56
1485172482,Cognimatics Guest,e0:3f:49:25:d6:b1,-56
1485172482,Cognimatics Guest,e0:3f:49:25:d6:b1,-54
1485172482,Cognimatics Guest,e0:3f:49:25:d6:b1,-56
1485172482,Cognimatics Guest,e0:3f:49:25:d6:b1,-60
1485172482,Cognimatics Guest,e0:3f:49:25:d6:b1,-64
1485172482,Worxmate Guest,28:10:7b:15:f1:8e,-46
1485172482,Worxmate Guest,28:10:7b:15:f1:8e,-42
1485172482,Cognimatics 2.4,e0:3f:49:25:d6:b0,-64
1485172482,Cognimatics Guest,e0:3f:49:25:d6:b1,-64
1485172482,Cognimatics 2.4,e0:3f:49:25:d6:b0,-62
1485172482,Cognimatics Guest,e0:3f:49:25:d6:b1,-64
1485172482,Worxmate Guest,28:10:7b:15:f1:8e,-44
1485172482,Cognimatics 2.4,e0:3f:49:25:d6:b0,-66
1485172482,Cognimatics Guest,e0:3f:49:25:d6:b1,-64
1485172482,Worxmate Guest,28:10:7b:15:f1:8e,-48
1485172482,Worxmate Guest,28:10:7b:15:f1:8e,-56
1485172482,Cognimatics Guest,e0:3f:49:25:d6:b1,-64
1485172482,Cognimatics 2.4,e0:3f:49:25:d6:b0,-64
1485172482,Cognimatics Guest,e0:3f:49:25:d6:b1,-66
1485172482,Cognimatics 2.4,e0:3f:49:25:d6:b0,-62
1485172482,Cognimatics Guest,e0:3f:49:25:d6:b1,-64
1485172482,Cognimatics 2.4,e0:3f:49:25:d6:b0,-66
1485172483,Cognimatics Guest,e0:3f:49:25:d6:b1,-68
1485172483,Cognimatics 2.4,e0:3f:49:25:d6:b0,-70
1485172483,Combain Mobile AB,94:44:44:fc:36:7b,-66
1485172483,Combain Mobile AB,94:44:44:fc:36:7b,-66
1485172483,Cognimatics 2.4,e0:3f:49:25:d6:b0,-68
1485172483,Cognimatics Guest,e0:3f:49:25:d6:b1,-68
1485172483,Combain Mobile AB,94:44:44:fc:36:7b,-60
1485172483,Combain Mobile AB,94:44:44:fc:36:7b,-56
1485172483,LOM-Guest2.4GHz,a2:63:91:31:3f:73,-76
1485172483,Combain Mobile AB,94:44:44:fc:36:7b,-56
1485172483,Combain Mobile AB,94:44:44:fc:36:7b,-62
1485172483,Combain Mobile AB,94:44:44:fc:36:7b,-62
1485172483,Cognimatics 2.4,e0:3f:49:25:d6:b0,-68
1485172483,Cognimatics Guest,e0:3f:49:25:d6:b1,-66
1485172483,Cognimatics 2.4,e0:3f:49:25:d6:b0,-66
1485172483,Cognimatics Guest,e0:3f:49:25:d6:b1,-68
1485172483,Cognimatics 2.4,e0:3f:49:25:d6:b0,-68
1485172483,Cognimatics Guest,e0:3f:49:25:d6:b1,-70
1485172483,LOM-Guest2.4GHz,a2:63:91:31:3f:73,-78
1485172483,Cognimatics Guest,e0:3f:49:25:d6:b1,-68
1485172484,LOM-2G,a0:63:91:31:3f:72,-80
1485172484,LOM-Guest2.4GHz,a2:63:91:31:3f:73,-78
1485172484,Cognimatics Guest,e0:3f:49:25:d6:b1,-70
1485172484,LOM-Guest2.4GHz,a2:63:91:31:3f:73,-82
1485172484,LOM-Guest2.4GHz,a2:63:91:31:3f:73,-80
1485172484,Worxmate Guest,28:10:7b:15:f1:8e,-50
1485172484,Cognimatics 2.4,e0:3f:49:25:d6:b0,-68
1485172484,Cognimatics Guest,e0:3f:49:25:d6:b1,-68
1485172484,LOM-2G,a0:63:91:31:3f:72,-78
1485172484,LOM-Guest2.4GHz,a2:63:91:31:3f:73,-78
1485172484,Worxmate Guest,28:10:7b:15:f1:8e,-50
1485172484,Cognimatics Guest,e0:3f:49:25:d6:b1,-68
1485172484,Cognimatics 2.4,e0:3f:49:25:d6:b0,-72
1485172484,Cognimatics Guest,e0:3f:49:25:d6:b1,-72
1485172484,Worxmate Guest,28:10:7b:15:f1:8e,-46
1485172484,Worxmate Guest,28:10:7b:15:f1:8e,-44
1485172484,Cognimatics 2.4,e0:3f:49:25:d6:b0,-64
1485172484,Cognimatics Guest,e0:3f:49:25:d6:b1,-64
1485172484,Cognimatics Guest,e0:3f:49:25:d6:b1,-62
1485172485,Cognimatics 2.4,e0:3f:49:25:d6:b0,-66
1485172485,Cognimatics Guest,e0:3f:49:25:d6:b1,-66
1485172485,Cognimatics 2.4,e0:3f:49:25:d6:b0,-66
1485172485,Cognimatics Guest,e0:3f:49:25:d6:b1,-66
1485172485,Cognimatics 2.4,e0:3f:49:25:d6:b0,-70
1485172485,Cognimatics Guest,e0:3f:49:25:d6:b1,-70
1485172485,Cognimatics Guest,e0:3f:49:25:d6:b1,-70
1485172485,Cognimatics 2.4,e0:3f:49:25:d6:b0,-66
1485172485,Cognimatics 2.4,e0:3f:49:25:d6:b0,-66
1485172485,Cognimatics 2.4,e0:3f:49:25:d6:b0,-66
1485172485,Cognimatics 2.4,e0:3f:49:25:d6:b0,-66
1485172485,Cognimatics 2.4,e0:3f:49:25:d6:b0,-66
1485172485,Cognimatics 2.4,e0:3f:49:25:d6:b0,-70
1485172485,Cognimatics 2.4,e0:3f:49:25:d6:b0,-70
1485172485,Cognimatics 2.4,e0:3f:49:25:d6:b0,-70
1485172485,Cognimatics 2.4,e0:3f:49:25:d6:b0,-66
1485172485,Cognimatics 2.4,e0:3f:49:25:d6:b0,-72
1485172485,Cognimatics Guest,e0:3f:49:25:d6:b1,-72
1485172485,Cognimatics 2.4,e0:3f:49:25:d6:b0,-70
1485172485,Cognimatics Guest,e0:3f:49:25:d6:b1,-70
1485172485,Cognimatics 2.4,e0:3f:49:25:d6:b0,-70
1485172486,Cognimatics 2.4,e0:3f:49:25:d6:b0,-70
1485172486,Worxmate Guest,28:10:7b:15:f1:8e,-50
1485172486,Cognimatics Guest,e0:3f:49:25:d6:b1,-62
1485172486,Worxmate Guest,28:10:7b:15:f1:8e,-44
1485172486,Cognimatics 2.4,e0:3f:49:25:d6:b0,-66
1485172486,Cognimatics Guest,e0:3f:49:25:d6:b1,-66
1485172486,Worxmate Guest,28:10:7b:15:f1:8e,-42
1485172486,LOM-Guest2.4GHz,a2:63:91:31:3f:73,-82
1485172486,Worxmate Guest,28:10:7b:15:f1:8e,-50
1485172486,Cognimatics 2.4,e0:3f:49:25:d6:b0,-68
1485172486,Cognimatics Guest,e0:3f:49:25:d6:b1,-70
1485172486,Worxmate Guest,28:10:7b:15:f1:8e,-56
1485172486,LOM-2G,a0:63:91:31:3f:72,-78
1485172486,LOM-Guest2.4GHz,a2:63:91:31:3f:73,-78
1485172486,Cognimatics 2.4,e0:3f:49:25:d6:b0,-70
1485172486,Cognimatics Guest,e0:3f:49:25:d6:b1,-70
1485172486,Cognimatics 2.4,e0:3f:49:25:d6:b0,-76
1485172487,Cognimatics 2.4,e0:3f:49:25:d6:b0,-74
1485172487,Cognimatics Guest,e0:3f:49:25:d6:b1,-74
1485172487,Cognimatics 2.4,e0:3f:49:25:d6:b0,-72
1485172487,Cognimatics Guest,e0:3f:49:25:d6:b1,-72
1485172487,Cognimatics 2.4,e0:3f:49:25:d6:b0,-68
1485172487,Cognimatics Guest,e0:3f:49:25:d6:b1,-68
1485172487,Cognimatics 2.4,e0:3f:49:25:d6:b0,-66
1485172487,Cognimatics Guest,e0:3f:49:25:d6:b1,-66
1485172487,Cognimatics 2.4,e0:3f:49:25:d6:b0,-60
1485172487,Cognimatics Guest,e0:3f:49:25:d6:b1,-60
1485172488,Cognimatics Guest,e0:3f:49:25:d6:b1,-66
1485172488,Cognimatics 2.4,e0:3f:49:25:d6:b0,-68
1485172488,Cognimatics Guest,e0:3f:49:25:d6:b1,-68
1485172488,Cognimatics 2.4,e0:3f:49:25:d6:b0,-62
1485172488,Cognimatics Guest,e0:3f:49:25:d6:b1,-64
1485172488,LOM-2G,a0:63:91:31:3f:72,-80
1485172488,Cognimatics 2.4,e0:3f:49:25:d6:b0,-66
1485172488,Cognimatics Guest,e0:3f:49:25:d6:b1,-66
1485172488,Worxmate Guest,28:10:7b:15:f1:8e,-44
1485172488,LOM-Guest2.4GHz,a2:63:91:31:3f:73,-80
1485172488,Cognimatics Guest,e0:3f:49:25:d6:b1,-72
1485172488,Worxmate Guest,28:10:7b:15:f1:8e,-52
1485172488,Cognimatics 2.4,e0:3f:49:25:d6:b0,-64
1485172488,Cognimatics Guest,e0:3f:49:25:d6:b1,-64
1485172488,Cognimatics 2.4,e0:3f:49:25:d6:b0,-58
1485172488,Cognimatics 2.4,e0:3f:49:25:d6:b0,-58
1485172488,Cognimatics 2.4,e0:3f:49:25:d6:b0,-56
1485172488,Cognimatics 2.4,e0:3f:49:25:d6:b0,-58
1485172488,Cognimatics 2.4,e0:3f:49:25:d6:b0,-58
1485172488,Cognimatics Guest,e0:3f:49:25:d6:b1,-58
1485172488,Cognimatics Guest,e0:3f:49:25:d6:b1,-56
1485172488,Cognimatics Guest,e0:3f:49:25:d6:b1,-58
1485172488,Cognimatics Guest,e0:3f:49:25:d6:b1,-56
1485172488,Cognimatics 2.4,e0:3f:49:25:d6:b0,-56
1485172488,Cognimatics Guest,e0:3f:49:25:d6:b1,-60
1485172488,Cognimatics Guest,e0:3f:49:25:d6:b1,-60
1485172488,Cognimatics Guest,e0:3f:49:25:d6:b1,-60
1485172488,Cognimatics Guest,e0:3f:49:25:d6:b1,-60
1485172488,Cognimatics Guest,e0:3f:49:25:d6:b1,-60
1485172488,Cognimatics 2.4,e0:3f:49:25:d6:b0,-62
1485172488,Cognimatics Guest,e0:3f:49:25:d6:b1,-62
1485172488,Cognimatics 2.4,e0:3f:49:25:d6:b0,-62
1485172488,Cognimatics Guest,e0:3f:49:25:d6:b1,-60
1485172488,LOM-Guest2.4GHz,a2:63:91:31:3f:73,-76
1485172488,Cognimatics 2.4,e0:3f:49:25:d6:b0,-62
1485172488,Cognimatics Guest,e0:3f:49:25:d6:b1,-64
1485172488,Cognimatics 2.4,e0:3f:49:25:d6:b0,-70
1485172488,Cognimatics Guest,e0:3f:49:25:d6:b1,-68
1485172488,Worxmate Guest,28:10:7b:15:f1:8e,-52
1485172488,Cognimatics 2.4,e0:3f:49:25:d6:b0,-66
1485172488,Worxmate,d0:17:c2:b3:49:71,-82
1485172488,Cognimatics 2.4,e0:3f:49:25:d6:b0,-70
1485172488,Cognimatics Guest,e0:3f:49:25:d6:b1,-70
1485172489,Cognimatics 2.4,e0:3f:49:25:d6:b0,-66
1485172489,Cognimatics Guest,e0:3f:49:25:d6:b1,-64
1485172489,Cognimatics 2.4,e0:3f:49:25:d6:b0,-72
1485172489,Cognimatics Guest,e0:3f:49:25:d6:b1,-76
1485172490,Worxmate Guest,28:10:7b:15:f1:8e,-44
1485172490,Worxmate Guest,28:10:7b:15:f1:8e,-50
1485172490,LOM-2G,a0:63:91:31:3f:72,-78
1485172490,LOM-Guest2.4GHz,a2:63:91:31:3f:73,-80
1485172490,LOM-Guest2.4GHz,a2:63:91:31:3f:73,-80
1485172490,LOM-Guest2.4GHz,a2:63:91:31:3f:73,-82
1485172490,Cognimatics 2.4,e0:3f:49:25:d6:b0,-70
1485172490,Cognimatics Guest,e0:3f:49:25:d6:b1,-68
1485172490,Cognimatics 2.4,e0:3f:49:25:d6:b0,-68
1485172490,Cognimatics Guest,e0:3f:49:25:d6:b1,-68
1485172490,Cognimatics 2.4,e0:3f:49:25:d6:b0,-62
1485172490,Cognimatics Guest,e0:3f:49:25:d6:b1,-62
1485172491,Cognimatics 2.4,e0:3f:49:25:d6:b0,-66
1485172491,Cognimatics Guest,e0:3f:49:25:d6:b1,-66
1485172491,Cognimatics Guest,e0:3f:49:25:d6:b1,-66
1485172491,Cognimatics 2.4,e0:3f:49:25:d6:b0,-66
1485172491,Cognimatics Guest,e0:3f:49:25:d6:b1,-66
1485172491,Cognimatics 2.4,e0:3f:49:25:d6:b0,-66
1485172491,Cognimatics Guest,e0:3f:49:25:d6:b1,-66
1485172491,Cognimatics 2.4,e0:3f:49:25:d6:b0,-64
1485172491,Cognimatics Guest,e0:3f:49:25:d6:b1,-64
1485172492,Cognimatics 2.4,e0:3f:49:25:d6:b0,-66
1485172492,Cognimatics Guest,e0:3f:49:25:d6:b1,-66
1485172492,Cognimatics 2.4,e0:3f:49:25:d6:b0,-72
1485172492,Worxmate Guest,28:10:7b:15:f1:8e,-48
1485172492,Cognimatics Guest,e0:3f:49:25:d6:b1,-76
1485172492,Cognimatics 2.4,e0:3f:49:25:d6:b0,-68
1485172492,Cognimatics 2.4,e0:3f:49:25:d6:b0,-68
1485172492,Cognimatics Guest,e0:3f:49:25:d6:b1,-68
1485172492,Cognimatics Guest,e0:3f:49:25:d6:b1,-70
1485172492,Cognimatics Guest,e0:3f:49:25:d6:b1,-68
1485172492,Cognimatics 2.4,e0:3f:49:25:d6:b0,-66
1485172492,Worxmate Guest,28:10:7b:15:f1:8e,-38
1485172492,Cognimatics Guest,e0:3f:49:25:d6:b1,-64
1485172492,Cognimatics Guest,e0:3f:49:25:d6:b1,-68
1485172492,Worxmate Guest,28:10:7b:15:f1:8e,-44
1485172492,Cognimatics 2.4,e0:3f:49:25:d6:b0,-72
1485172492,Cognimatics 2.4,e0:3f:49:25:d6:b0,-72
1485172492,Worxmate Guest,28:10:7b:15:f1:8e,-62
1485172492,Cognimatics 2.4,e0:3f:49:25:d6:b0,-64
1485172493,Cognimatics Guest,e0:3f:49:25:d6:b1,-60
1485172493,Cognimatics Guest,e0:3f:49:25:d6:b1,-68
1485172493,Cognimatics 2.4,e0:3f:49:25:d6:b0,-60
1485172493,Cognimatics Guest,e0:3f:49:25:d6:b1,-58
1485172493,Cognimatics 2.4,e0:3f:49:25:d6:b0,-60
1485172493,Cognimatics Guest,e0:3f:49:25:d6:b1,-60
1485172493,Cognimatics 2.4,e0:3f:49:25:d6:b0,-60
1485172493,Cognimatics Guest,e0:3f:49:25:d6:b1,-58
1485172493,Cognimatics 2.4,e0:3f:49:25:d6:b0,-64
1485172493,Cognimatics Guest,e0:3f:49:25:d6:b1,-64
1485172493,Cognimatics 2.4,e0:3f:49:25:d6:b0,-60
1485172493,Cognimatics Guest,e0:3f:49:25:d6:b1,-60
1485172493,Cognimatics 2.4,e0:3f:49:25:d6:b0,-60
1485172493,Cognimatics Guest,e0:3f:49:25:d6:b1,-60
1485172494,Combain Mobile AB,94:44:44:fc:36:7b,-62
1485172494,Combain Mobile AB,94:44:44:fc:36:7b,-60
1485172494,Cognimatics 2.4,e0:3f:49:25:d6:b0,-62
1485172494,Cognimatics Guest,e0:3f:49:25:d6:b1,-64
1485172494,Combain_5G,00:71:cc:0f:43:57,-64
1485172494,Combain Mobile AB,94:44:44:fc:36:7b,-56
1485172494,Combain_5G,00:71:cc:0f:43:57,-66
1485172494,Combain Mobile AB,94:44:44:fc:36:7b,-66
1485172494,Combain Mobile AB,94:44:44:fc:36:7b,-66
1485172494,Cognimatics 2.4,e0:3f:49:25:d6:b0,-62
1485172494,Cognimatics Guest,e0:3f:49:25:d6:b1,-62
1485172494,Combain Mobile AB,94:44:44:fc:36:7b,-74
1485172494,Combain Mobile AB,94:44:44:fc:36:7b,-70
1485172494,Cognimatics 2.4,e0:3f:49:25:d6:b0,-62
1485172494,Cognimatics Guest,e0:3f:49:25:d6:b1,-62
1485172494,Worxmate Guest,28:10:7b:15:f1:8e,-52
1485172494,Cognimatics 2.4,e0:3f:49:25:d6:b0,-64
1485172494,Cognimatics Guest,e0:3f:49:25:d6:b1,-64
1485172494,Cognimatics 2.4,e0:3f:49:25:d6:b0,-66
1485172494,Combain_5G,00:71:cc:0f:43:57,-68
1485172494,Combain_5G,00:71:cc:0f:43:57,-68
1485172494,Cognimatics Guest,e0:3f:49:25:d6:b1,-66
1485172494,Cognimatics 2.4,e0:3f:49:25:d6:b0,-64
1485172494,Cognimatics Guest,e0:3f:49:25:d6:b1,-64
1485172494,Worxmate Guest,28:10:7b:15:f1:8e,-62
1485172494,Cognimatics 2.4,e0:3f:49:25:d6:b0,-64
1485172494,Cognimatics Guest,e0:3f:49:25:d6:b1,-66
1485172495,Cognimatics Guest,e0:3f:49:25:d6:b1,-66
1485172495,Cognimatics 2.4,e0:3f:49:25:d6:b0,-66
1485172495,Cognimatics Guest,e0:3f:49:25:d6:b1,-66
1485172495,Cognimatics 2.4,e0:3f:49:25:d6:b0,-70
1485172495,Cognimatics Guest,e0:3f:49:25:d6:b1,-70
1485172495,Cognimatics 2.4,e0:3f:49:25:d6:b0,-68
1485172495,Cognimatics Guest,e0:3f:49:25:d6:b1,-70
1485172495,Cognimatics 2.4,e0:3f:49:25:d6:b0,-66
1485172495,Cognimatics Guest,e0:3f:49:25:d6:b1,-64
1485172495,Cognimatics 2.4,e0:3f:49:25:d6:b0,-52
1485172495,Cognimatics Guest,e0:3f:49:25:d6:b1,-62
1485172495,Cognimatics 2.4,e0:3f:49:25:d6:b0,-60
1485172495,Cognimatics Guest,e0:3f:49:25:d6:b1,-60
1485172495,Cognimatics 2.4,e0:3f:49:25:d6:b0,-60
1485172495,Cognimatics Guest,e0:3f:49:25:d6:b1,-60
1485172495,Cognimatics 2.4,e0:3f:49:25:d6:b0,-60
1485172495,Cognimatics Guest,e0:3f:49:25:d6:b1,-62
1485172496,Cognimatics 2.4,e0:3f:49:25:d6:b0,-64
1485172496,Cognimatics Guest,e0:3f:49:25:d6:b1,-64
1485172496,Cognimatics Guest,e0:3f:49:25:d6:b1,-64
1485172496,Cognimatics 2.4,e0:3f:49:25:d6:b0,-64
1485172496,Cognimatics Guest,e0:3f:49:25:d6:b1,-64
1485172496,Worxmate Guest,28:10:7b:15:f1:8e,-50
1485172496,Cognimatics 2.4,e0:3f:49:25:d6:b0,-70
1485172496,Worxmate Guest,28:10:7b:15:f1:8e,-50
1485172496,Cognimatics 2.4,e0:3f:49:25:d6:b0,-66
1485172496,Cognimatics Guest,e0:3f:49:25:d6:b1,-66
1485172496,Cognimatics 2.4,e0:3f:49:25:d6:b0,-66
1485172496,Cognimatics Guest,e0:3f:49:25:d6:b1,-66
1485172496,Worxmate Guest,28:10:7b:15:f1:8e,-42
1485172496,Cognimatics 2.4,e0:3f:49:25:d6:b0,-74
1485172496,Cognimatics Guest,e0:3f:49:25:d6:b1,-74
1485172496,Worxmate Guest,28:10:7b:15:f1:8e,-50
1485172496,Worxmate Guest,28:10:7b:15:f1:8e,-54
1485172497,Cognimatics Guest,e0:3f:49:25:d6:b1,-78
1485172497,Cognimatics 2.4,e0:3f:49:25:d6:b0,-74
1485172497,Cognimatics Guest,e0:3f:49:25:d6:b1,-72
1485172497,Cognimatics 2.4,e0:3f:49:25:d6:b0,-68
1485172497,Cognimatics Guest,e0:3f:49:25:d6:b1,-68
1485172497,Cognimatics 2.4,e0:3f:49:25:d6:b0,-62
1485172497,Cognimatics Guest,e0:3f:49:25:d6:b1,-62
1485172498,Cognimatics 2.4,e0:3f:49:25:d6:b0,-68
1485172498,Combain_5G,00:71:cc:0f:43:57,-64
1485172498,Combain_5G,00:71:cc:0f:43:57,-62
1485172498,Combain_5G,00:71:cc:0f:43:57,-50
1485172498,Worxmate Guest,28:10:7b:15:f1:8e,-54
1485172498,Combain_5G,00:71:cc:0f:43:57,-50
1485172498,Cognimatics 2.4,e0:3f:49:25:d6:b0,-68
1485172498,Cognimatics Guest,e0:3f:49:25:d6:b1,-66
1485172498,Worxmate Guest,28:10:7b:15:f1:8e,-56
1485172498,Cognimatics Guest,e0:3f:49:25:d6:b1,-60
1485172498,Worxmate Guest,28:10:7b:15:f1:8e,-50
1485172498,Combain_5G,00:71:cc:0f:43:57,-64
1485172498,Combain_5G,00:71:cc:0f:43:57,-62
1485172498,Cognimatics 2.4,e0:3f:49:25:d6:b0,-68
1485172498,Cognimatics Guest,e0:3f:49:25:d6:b1,-68
1485172498,Worxmate Guest,28:10:7b:15:f1:8e,-50
1485172498,Cognimatics 2.4,e0:3f:49:25:d6:b0,-62
1485172498,Cognimatics Guest,e0:3f:49:25:d6:b1,-62
1485172498,Cognimatics 2.4,e0:3f:49:25:d6:b0,-56
1485172498,Cognimatics Guest,e0:3f:49:25:d6:b1,-56
1485172499,Cognimatics 2.4,e0:3f:49:25:d6:b0,-72
1485172499,Cognimatics Guest,e0:3f:49:25:d6:b1,-74
1485172499,Cognimatics 2.4,e0:3f:49:25:d6:b0,-62
1485172499,Cognimatics Guest,e0:3f:49:25:d6:b1,-64
1485172499,Cognimatics 2.4,e0:3f:49:25:d6:b0,-72
1485172499,Cognimatics 2.4,e0:3f:49:25:d6:b0,-72
1485172499,Cognimatics Guest,e0:3f:49:25:d6:b1,-72
1485172499,Cognimatics 2.4,e0:3f:49:25:d6:b0,-72
1485172499,Cognimatics Guest,e0:3f:49:25:d6:b1,-72
1485172500,Cognimatics 2.4,e0:3f:49:25:d6:b0,-68
1485172500,Cognimatics Guest,e0:3f:49:25:d6:b1,-68
1485172500,Cognimatics 2.4,e0:3f:49:25:d6:b0,-70
1485172500,Cognimatics Guest,e0:3f:49:25:d6:b1,-70
1485172500,Worxmate Guest,28:10:7b:15:f1:8e,-48
1485172500,Cognimatics 2.4,e0:3f:49:25:d6:b0,-70
1485172500,Cognimatics Guest,e0:3f:49:25:d6:b1,-70
1485172500,Worxmate Guest,28:10:7b:15:f1:8e,-42
1485172500,Cognimatics 2.4,e0:3f:49:25:d6:b0,-70
1485172500,Cognimatics Guest,e0:3f:49:25:d6:b1,-68
1485172500,Cognimatics 2.4,e0:3f:49:25:d6:b0,-66
1485172500,Cognimatics Guest,e0:3f:49:25:d6:b1,-66
1485172500,Worxmate Guest,28:10:7b:15:f1:8e,-36
1485172500,Worxmate Guest,28:10:7b:15:f1:8e,-42
1485172500,Cognimatics 2.4,e0:3f:49:25:d6:b0,-62
1485172500,Cognimatics Guest,e0:3f:49:25:d6:b1,-64
1485172501,Cognimatics 2.4,e0:3f:49:25:d6:b0,-60
1485172501,Cognimatics Guest,e0:3f:49:25:d6:b1,-60
1485172501,Cognimatics 2.4,e0:3f:49:25:d6:b0,-62
1485172501,Cognimatics Guest,e0:3f:49:25:d6:b1,-62
1485172501,Cognimatics Guest,e0:3f:49:25:d6:b1,-60
1485172501,Cognimatics 2.4,e0:3f:49:25:d6:b0,-58
1485172501,Cognimatics Guest,e0:3f:49:25:d6:b1,-58
1485172501,Cognimatics Guest,e0:3f:49:25:d6:b1,-62
1485172501,Cognimatics 2.4,e0:3f:49:25:d6:b0,-64
1485172501,Cognimatics Guest,e0:3f:49:25:d6:b1,-64
1485172501,Cognimatics 2.4,e0:3f:49:25:d6:b0,-66
1485172501,Cognimatics Guest,e0:3f:49:25:d6:b1,-66
1485172501,Cognimatics 2.4,e0:3f:49:25:d6:b0,-62
1485172501,Cognimatics Guest,e0:3f:49:25:d6:b1,-60
1485172501,Cognimatics 2.4,e0:3f:49:25:d6:b0,-62
1485172501,Cognimatics Guest,e0:3f:49:25:d6:b1,-60
1485172502,Cognimatics 2.4,e0:3f:49:25:d6:b0,-58
1485172502,Cognimatics Guest,e0:3f:49:25:d6:b1,-60
1485172502,Cognimatics 2.4,e0:3f:49:25:d6:b0,-72
1485172502,Cognimatics 2.4,e0:3f:49:25:d6:b0,-76
1485172502,Cognimatics 2.4,e0:3f:49:25:d6:b0,-66
1485172502,Cognimatics 2.4,e0:3f:49:25:d6:b0,-66
1485172502,Cognimatics 2.4,e0:3f:49:25:d6:b0,-66
1485172502,Cognimatics Guest,e0:3f:49:25:d6:b1,-64
1485172502,Cognimatics Guest,e0:3f:49:25:d6:b1,-64
1485172502,Cognimatics Guest,e0:3f:49:25:d6:b1,-64
1485172502,Cognimatics 2.4,e0:3f:49:25:d6:b0,-70
1485172502,Cognimatics Guest,e0:3f:49:25:d6:b1,-70
1485172502,Cognimatics Guest,e0:3f:49:25:d6:b1,-64
1485172502,Cognimatics Guest,e0:3f:49:25:d6:b1,-64
1485172502,Cognimatics 2.4,e0:3f:49:25:d6:b0,-64
1485172502,Cognimatics Guest,e0:3f:49:25:d6:b1,-64
1485172502,Worxmate Guest,28:10:7b:15:f1:8e,-48
1485172502,Cognimatics 2.4,e0:3f:49:25:d6:b0,-60
1485172502,Cognimatics 2.4,e0:3f:49:25:d6:b0,-60
1485172502,Cognimatics 2.4,e0:3f:49:25:d6:b0,-60
1485172502,Cognimatics Guest,e0:3f:49:25:d6:b1,-60
1485172502,Cognimatics 2.4,e0:3f:49:25:d6:b0,-58
1485172502,Cognimatics 2.4,e0:3f:49:25:d6:b0,-58
1485172502,Cognimatics 2.4,e0:3f:49:25:d6:b0,-58
1485172502,Cognimatics 2.4,e0:3f:49:25:d6:b0,-58
1485172502,Cognimatics 2.4,e0:3f:49:25:d6:b0,-64
1485172502,Cognimatics Guest,e0:3f:49:25:d6:b1,-60
1485172502,Cognimatics 2.4,e0:3f:49:25:d6:b0,-58
1485172502,Cognimatics Guest,e0:3f:49:25:d6:b1,-56
1485172502,Cognimatics Guest,e0:3f:49:25:d6:b1,-58
1485172502,Cognimatics Guest,e0:3f:49:25:d6:b1,-56
1485172502,Cognimatics Guest,e0:3f:49:25:d6:b1,-58
1485172502,Cognimatics Guest,e0:3f:49:25:d6:b1,-58
1485172502,Worxmate Guest,28:10:7b:15:f1:8e,-42
1485172502,Cognimatics 2.4,e0:3f:49:25:d6:b0,-62
1485172502,Cognimatics 2.4,e0:3f:49:25:d6:b0,-64
1485172502,Cognimatics Guest,e0:3f:49:25:d6:b1,-66
1485172502,Cognimatics 2.4,e0:3f:49:25:d6:b0,-68
1485172502,Cognimatics Guest,e0:3f:49:25:d6:b1,-68
1485172502,Cognimatics Guest,e0:3f:49:25:d6:b1,-70
1485172502,Cognimatics Guest,e0:3f:49:25:d6:b1,-70
1485172502,Cognimatics Guest,e0:3f:49:25:d6:b1,-70
1485172503,LOM-2G,a0:63:91:31:3f:72,-82
1485172503,Cognimatics 2.4,e0:3f:49:25:d6:b0,-72
1485172503,Cognimatics 2.4,e0:3f:49:25:d6:b0,-70
1485172503,Cognimatics 2.4,e0:3f:49:25:d6:b0,-66
1485172503,Cognimatics Guest,e0:3f:49:25:d6:b1,-66
1485172503,Cognimatics 2.4,e0:3f:49:25:d6:b0,-64
1485172503,Cognimatics Guest,e0:3f:49:25:d6:b1,-64
1485172503,Cognimatics 2.4,e0:3f:49:25:d6:b0,-72
1485172503,Cognimatics 2.4,e0:3f:49:25:d6:b0,-70
1485172504,Cognimatics Guest,e0:3f:49:25:d6:b1,-72
1485172504,Cognimatics 2.4,e0:3f:49:25:d6:b0,-68
1485172504,Cognimatics Guest,e0:3f:49:25:d6:b1,-70
1485172504,Cognimatics 2.4,e0:3f:49:25:d6:b0,-70
1485172504,Cognimatics Guest,e0:3f:49:25:d6:b1,-72
1485172504,Worxmate Guest,28:10:7b:15:f1:8e,-52
1485172504,Cognimatics 2.4,e0:3f:49:25:d6:b0,-70
1485172504,Cognimatics Guest,e0:3f:49:25:d6:b1,-70
1485172504,Worxmate Guest,28:10:7b:15:f1:8e,-52
1485172504,Cognimatics Guest,e0:3f:49:25:d6:b1,-74
1485172504,Worxmate Guest,28:10:7b:15:f1:8e,-44
1485172504,Cognimatics 2.4,e0:3f:49:25:d6:b0,-62
1485172504,Cognimatics Guest,e0:3f:49:25:d6:b1,-62
1485172504,Combain Mobile AB,94:44:44:fc:36:7b,-56
1485172504,Combain Mobile AB,94:44:44:fc:36:7b,-56
1485172504,Combain Mobile AB,94:44:44:fc:36:7b,-56
1485172504,Cognimatics 2.4,e0:3f:49:25:d6:b0,-62
1485172504,Cognimatics Guest,e0:3f:49:25:d6:b1,-62
1485172504,Combain Mobile AB,94:44:44:fc:36:7b,-66
1485172504,Worxmate Guest,28:10:7b:15:f1:8e,-38
1485172504,Combain Mobile AB,94:44:44:fc:36:7b,-68
1485172504,Combain Mobile AB,94:44:44:fc:36:7b,-72
1485172504,Combain Mobile AB,94:44:44:fc:36:7b,-66
1485172504,Combain Mobile AB,94:44:44:fc:36:7b,-56
1485172504,Cognimatics 2.4,e0:3f:49:25:d6:b0,-60
1485172504,Cognimatics Guest,e0:3f:49:25:d6:b1,-60
1485172504,Combain Mobile AB,94:44:44:fc:36:7b,-72
1485172504,Combain Mobile AB,94:44:44:fc:36:7b,-66
1485172505,Cognimatics 2.4,e0:3f:49:25:d6:b0,-60
1485172505,Cognimatics Guest,e0:3f:49:25:d6:b1,-60
1485172505,Cognimatics Guest,e0:3f:49:25:d6:b1,-60
1485172505,Cognimatics 2.4,e0:3f:49:25:d6:b0,-66
1485172505,Cognimatics 2.4,e0:3f:49:25:d6:b0,-62
1485172505,Cognimatics 2.4,e0:3f:49:25:d6:b0,-58
1485172505,Cognimatics Guest,e0:3f:49:25:d6:b1,-60
1485172505,Cognimatics 2.4,e0:3f:49:25:d6:b0,-58
1485172505,Cognimatics Guest,e0:3f:49:25:d6:b1,-58
1485172505,Cognimatics 2.4,e0:3f:49:25:d6:b0,-58
1485172505,Cognimatics Guest,e0:3f:49:25:d6:b1,-58
1485172505,Cognimatics 2.4,e0:3f:49:25:d6:b0,-60
1485172505,Cognimatics Guest,e0:3f:49:25:d6:b1,-62
1485172506,Cognimatics 2.4,e0:3f:49:25:d6:b0,-54
1485172506,Cognimatics Guest,e0:3f:49:25:d6:b1,-54
1485172506,Cognimatics 2.4,e0:3f:49:25:d6:b0,-52
1485172506,Cognimatics Guest,e0:3f:49:25:d6:b1,-52
1485172506,Cognimatics Guest,e0:3f:49:25:d6:b1,-52
1485172506,Worxmate Guest,28:10:7b:15:f1:8e,-42
1485172506,Cognimatics 2.4,e0:3f:49:25:d6:b0,-54
1485172506,Cognimatics Guest,e0:3f:49:25:d6:b1,-54
1485172506,Cognimatics 2.4,e0:3f:49:25:d6:b0,-54
1485172506,Cognimatics Guest,e0:3f:49:25:d6:b1,-54
1485172506,Cognimatics 2.4,e0:3f:49:25:d6:b0,-52
1485172506,Cognimatics Guest,e0:3f:49:25:d6:b1,-52
1485172506,Worxmate Guest,28:10:7b:15:f1:8e,-42
1485172506,Cognimatics 2.4,e0:3f:49:25:d6:b0,-52
1485172506,Cognimatics Guest,e0:3f:49:25:d6:b1,-54
1485172506,Worxmate Guest,28:10:7b:15:f1:8e,-44
1485172506,Cognimatics 2.4,e0:3f:49:25:d6:b0,-54
1485172506,Cognimatics Guest,e0:3f:49:25:d6:b1,-52
1485172507,Cognimatics 2.4,e0:3f:49:25:d6:b0,-54
1485172507,Cognimatics Guest,e0:3f:49:25:d6:b1,-54
1485172507,Cognimatics 2.4,e0:3f:49:25:d6:b0,-60
1485172507,Cognimatics 2.4,e0:3f:49:25:d6:b0,-56
1485172507,Cognimatics Guest,e0:3f:49:25:d6:b1,-58
1485172507,Cognimatics Guest,e0:3f:49:25:d6:b1,-58
1485172507,Cognimatics 2.4,e0:3f:49:25:d6:b0,-56
1485172507,Cognimatics Guest,e0:3f:49:25:d6:b1,-56
1485172507,Worxmate Guest,28:10:7b:15:f1:8e,-78
1485172507,Cognimatics 2.4,e0:3f:49:25:d6:b0,-56
1485172507,Cognimatics Guest,e0:3f:49:25:d6:b1,-56
1485172507,Cognimatics Guest,e0:3f:49:25:d6:b1,-58
1485172507,Cognimatics 2.4,e0:3f:49:25:d6:b0,-60
1485172507,Cognimatics Guest,e0:3f:49:25:d6:b1,-60
1485172507,Cognimatics Guest,e0:3f:49:25:d6:b1,-60
1485172508,Cognimatics 2.4,e0:3f:49:25:d6:b0,-62
1485172508,Cognimatics 2.4,e0:3f:49:25:d6:b0,-62
1485172508,Cognimatics Guest,e0:3f:49:25:d6:b1,-60
1485172508,Cognimatics 2.4,e0:3f:49:25:d6:b0,-64
1485172508,Cognimatics Guest,e0:3f:49:25:d6:b1,-64
1485172508,Cognimatics 2.4,e0:3f:49:25:d6:b0,-62
1485172508,Cognimatics Guest,e0:3f:49:25:d6:b1,-62
1485172508,Worxmate Guest,28:10:7b:15:f1:8e,-38
1485172508,Cognimatics 2.4,e0:3f:49:25:d6:b0,-60
1485172508,Cognimatics Guest,e0:3f:49:25:d6:b1,-60
1485172508,Cognimatics Guest,e0:3f:49:25:d6:b1,-56
1485172508,Worxmate Guest,28:10:7b:15:f1:8e,-44
1485172508,Cognimatics 2.4,e0:3f:49:25:d6:b0,-56
1485172508,Cognimatics Guest,e0:3f:49:25:d6:b1,-54
1485172508,Worxmate Guest,28:10:7b:15:f1:8e,-48
1485172508,Cognimatics Guest,e0:3f:49:25:d6:b1,-54
1485172508,Cognimatics 2.4,e0:3f:49:25:d6:b0,-58
1485172508,Worxmate Guest,28:10:7b:15:f1:8e,-44
1485172509,Cognimatics 2.4,e0:3f:49:25:d6:b0,-58
1485172509,Cognimatics Guest,e0:3f:49:25:d6:b1,-58
1485172509,Worxmate Guest,28:10:7b:15:f1:8e,-50
1485172509,Cognimatics Guest,e0:3f:49:25:d6:b1,-58
1485172509,Cognimatics 2.4,e0:3f:49:25:d6:b0,-58
1485172509,Cognimatics Guest,e0:3f:49:25:d6:b1,-58
1485172509,Cognimatics 2.4,e0:3f:49:25:d6:b0,-56
1485172509,Cognimatics Guest,e0:3f:49:25:d6:b1,-56
1485172509,Cognimatics 2.4,e0:3f:49:25:d6:b0,-60
1485172509,Cognimatics Guest,e0:3f:49:25:d6:b1,-60
1485172509,Cognimatics 2.4,e0:3f:49:25:d6:b0,-56
1485172509,Cognimatics 2.4,e0:3f:49:25:d6:b0,-60
1485172509,Cognimatics Guest,e0:3f:49:25:d6:b1,-60
1485172509,Cognimatics 2.4,e0:3f:49:25:d6:b0,-52
1485172509,Cognimatics 2.4,e0:3f:49:25:d6:b0,-54
1485172509,Cognimatics Guest,e0:3f:49:25:d6:b1,-54
1485172510,Cognimatics 2.4,e0:3f:49:25:d6:b0,-56
1485172510,Cognimatics Guest,e0:3f:49:25:d6:b1,-54
1485172510,Cognimatics 2.4,e0:3f:49:25:d6:b0,-60
1485172510,Cognimatics Guest,e0:3f:49:25:d6:b1,-60
1485172510,Cognimatics Guest,e0:3f:49:25:d6:b1,-56
1485172510,Cognimatics 2.4,e0:3f:49:25:d6:b0,-54
1485172510,Cognimatics Guest,e0:3f:49:25:d6:b1,-54
1485172510,Cognimatics 2.4,e0:3f:49:25:d6:b0,-54
1485172510,Cognimatics Guest,e0:3f:49:25:d6:b1,-54
1485172510,Worxmate Guest,28:10:7b:15:f1:8e,-44
1485172510,Cognimatics 2.4,e0:3f:49:25:d6:b0,-56
1485172510,Cognimatics Guest,e0:3f:49:25:d6:b1,-56
1485172510,Worxmate Guest,28:10:7b:15:f1:8e,-42
1485172510,Cognimatics 2.4,e0:3f:49:25:d6:b0,-56
1485172510,Cognimatics Guest,e0:3f:49:25:d6:b1,-56
1485172510,Worxmate Guest,28:10:7b:15:f1:8e,-40
1485172510,Cognimatics 2.4,e0:3f:49:25:d6:b0,-66
1485172510,Cognimatics Guest,e0:3f:49:25:d6:b1,-66
1485172510,Cognimatics 2.4,e0:3f:49:25:d6:b0,-62
1485172510,Cognimatics Guest,e0:3f:49:25:d6:b1,-62
1485172511,Worxmate Guest,28:10:7b:15:f1:8e,-48
1485172511,Cognimatics 2.4,e0:3f:49:25:d6:b0,-60
1485172511,Cognimatics Guest,e0:3f:49:25:d6:b1,-60
1485172511,Cognimatics 2.4,e0:3f:49:25:d6:b0,-60
1485172511,Cognimatics Guest,e0:3f:49:25:d6:b1,-60
1485172511,Cognimatics Guest,e0:3f:49:25:d6:b1,-70
1485172511,Cognimatics 2.4,e0:3f:49:25:d6:b0,-72
1485172511,Cognimatics Guest,e0:3f:49:25:d6:b1,-70
1485172511,Cognimatics 2.4,e0:3f:49:25:d6:b0,-70
1485172511,Cognimatics Guest,e0:3f:49:25:d6:b1,-68
1485172511,Cognimatics 2.4,e0:3f:49:25:d6:b0,-58
1485172511,Cognimatics Guest,e0:3f:49:25:d6:b1,-60
1485172512,Cognimatics 2.4,e0:3f:49:25:d6:b0,-54
1485172512,Cognimatics Guest,e0:3f:49:25:d6:b1,-56
1485172512,Cognimatics 2.4,e0:3f:49:25:d6:b0,-54
1485172512,Cognimatics Guest,e0:3f:49:25:d6:b1,-54
1485172512,Cognimatics 2.4,e0:3f:49:25:d6:b0,-52
1485172512,Cognimatics Guest,e0:3f:49:25:d6:b1,-52
1485172512,Cognimatics Guest,e0:3f:49:25:d6:b1,-58
1485172512,Worxmate Guest,28:10:7b:15:f1:8e,-48
1485172512,Cognimatics 2.4,e0:3f:49:25:d6:b0,-60
1485172512,Cognimatics Guest,e0:3f:49:25:d6:b1,-60
1485172512,Worxmate,d0:17:c2:b3:49:71,-82
1485172512,LOM-2G,a0:63:91:31:3f:72,-82
1485172512,Worxmate Guest,28:10:7b:15:f1:8e,-48
1485172512,Cognimatics 2.4,e0:3f:49:25:d6:b0,-60
1485172512,Cognimatics Guest,e0:3f:49:25:d6:b1,-60
1485172512,Cognimatics 2.4,e0:3f:49:25:d6:b0,-60
1485172512,Cognimatics Guest,e0:3f:49:25:d6:b1,-60
1485172512,Worxmate Guest,28:10:7b:15:f1:8e,-40
1485172512,Cognimatics 2.4,e0:3f:49:25:d6:b0,-56
1485172512,Cognimatics Guest,e0:3f:49:25:d6:b1,-56
1485172512,Cognimatics Guest,e0:3f:49:25:d6:b1,-56
1485172512,Cognimatics Guest,e0:3f:49:25:d6:b1,-56
1485172512,Cognimatics Guest,e0:3f:49:25:d6:b1,-56
1485172512,Cognimatics 2.4,e0:3f:49:25:d6:b0,-58
1485172512,Cognimatics 2.4,e0:3f:49:25:d6:b0,-58
1485172512,Cognimatics 2.4,e0:3f:49:25:d6:b0,-60
1485172512,Cognimatics 2.4,e0:3f:49:25:d6:b0,-58
1485172512,Cognimatics 2.4,e0:3f:49:25:d6:b0,-62
1485172512,Cognimatics Guest,e0:3f:49:25:d6:b1,-56
1485172512,Cognimatics Guest,e0:3f:49:25:d6:b1,-58
1485172512,Worxmate Guest,28:10:7b:15:f1:8e,-54
1485172513,Cognimatics 2.4,e0:3f:49:25:d6:b0,-60
1485172513,Cognimatics Guest,e0:3f:49:25:d6:b1,-58
1485172513,Cognimatics 2.4,e0:3f:49:25:d6:b0,-52
1485172513,Cognimatics 2.4,e0:3f:49:25:d6:b0,-54
1485172513,Cognimatics 2.4,e0:3f:49:25:d6:b0,-52
1485172513,Cognimatics Guest,e0:3f:49:25:d6:b1,-52
1485172513,Cognimatics Guest,e0:3f:49:25:d6:b1,-52
1485172513,Cognimatics Guest,e0:3f:49:25:d6:b1,-52
1485172513,Cognimatics Guest,e0:3f:49:25:d6:b1,-52
1485172513,Cognimatics Guest,e0:3f:49:25:d6:b1,-52
1485172513,Cognimatics 2.4,e0:3f:49:25:d6:b0,-60
1485172513,Cognimatics Guest,e0:3f:49:25:d6:b1,-60
1485172513,Cognimatics 2.4,e0:3f:49:25:d6:b0,-52
1485172513,Cognimatics Guest,e0:3f:49:25:d6:b1,-54
1485172513,Cognimatics Guest,e0:3f:49:25:d6:b1,-52
1485172513,Cognimatics 2.4,e0:3f:49:25:d6:b0,-54
1485172513,Cognimatics Guest,e0:3f:49:25:d6:b1,-54
1485172513,Cognimatics 2.4,e0:3f:49:25:d6:b0,-58
1485172513,Cognimatics Guest,e0:3f:49:25:d6:b1,-58
1485172513,Cognimatics 2.4,e0:3f:49:25:d6:b0,-60
1485172513,Cognimatics Guest,e0:3f:49:25:d6:b1,-60
1485172514,Cognimatics 2.4,e0:3f:49:25:d6:b0,-68
1485172514,Cognimatics Guest,e0:3f:49:25:d6:b1,-68
1485172514,Cognimatics 2.4,e0:3f:49:25:d6:b0,-66
1485172514,Cognimatics Guest,e0:3f:49:25:d6:b1,-66
1485172514,Cognimatics Guest,e0:3f:49:25:d6:b1,-60
1485172514,Cognimatics 2.4,e0:3f:49:25:d6:b0,-60
1485172514,Cognimatics Guest,e0:3f:49:25:d6:b1,-62
1485172514,Cognimatics 2.4,e0:3f:49:25:d6:b0,-60
1485172514,Cognimatics Guest,e0:3f:49:25:d6:b1,-60
1485172514,Worxmate Guest,28:10:7b:15:f1:8e,-48
1485172514,Cognimatics 2.4,e0:3f:49:25:d6:b0,-58
1485172514,Cognimatics Guest,e0:3f:49:25:d6:b1,-56
1485172514,Worxmate Guest,28:10:7b:15:f1:8e,-50
1485172515,Cognimatics 2.4,e0:3f:49:25:d6:b0,-64
1485172515,Cognimatics Guest,e0:3f:49:25:d6:b1,-64
1485172515,Worxmate Guest,28:10:7b:15:f1:8e,-60
1485172515,Cognimatics 2.4,e0:3f:49:25:d6:b0,-62
1485172515,Cognimatics 2.4,e0:3f:49:25:d6:b0,-60
1485172515,Cognimatics Guest,e0:3f:49:25:d6:b1,-60
1485172515,Combain Mobile AB,94:44:44:fc:36:7b,-56
1485172515,Cognimatics 2.4,e0:3f:49:25:d6:b0,-62
1485172515,Cognimatics Guest,e0:3f:49:25:d6:b1,-62
1485172515,Combain Mobile AB,94:44:44:fc:36:7b,-70
1485172515,Combain Mobile AB,94:44:44:fc:36:7b,-56
1485172515,Combain Mobile AB,94:44:44:fc:36:7b,-64
1485172515,Combain Mobile AB,94:44:44:fc:36:7b,-56
1485172515,Combain Mobile AB,94:44:44:fc:36:7b,-54
1485172515,Cognimatics 2.4,e0:3f:49:25:d6:b0,-66
1485172515,Cognimatics Guest,e0:3f:49:25:d6:b1,-66
1485172515,Combain Mobile AB,94:44:44:fc:36:7b,-60
1485172515,Combain Mobile AB,94:44:44:fc:36:7b,-56
1485172515,Cognimatics 2.4,e0:3f:49:25:d6:b0,-62
1485172515,Cognimatics Guest,e0:3f:49:25:d6:b1,-64
1485172515,Cognimatics Guest,e0:3f:49:25:d6:b1,-66
1485172516,Cognimatics 2.4,e0:3f:49:25:d6:b0,-62
1485172516,Cognimatics Guest,e0:3f:49:25:d6:b1,-62
1485172516,Cognimatics 2.4,e0:3f:49:25:d6:b0,-62
1485172516,Cognimatics Guest,e0:3f:49:25:d6:b1,-62
1485172516,Cognimatics 2.4,e0:3f:49:25:d6:b0,-60
1485172516,Cognimatics Guest,e0:3f:49:25:d6:b1,-60
1485172516,Cognimatics 2.4,e0:3f:49:25:d6:b0,-58
1485172516,Cognimatics Guest,e0:3f:49:25:d6:b1,-58
1485172516,Worxmate Guest,28:10:7b:15:f1:8e,-58
1485172516,Cognimatics Guest,e0:3f:49:25:d6:b1,-66
1485172516,Cognimatics 2.4,e0:3f:49:25:d6:b0,-64
1485172516,Cognimatics Guest,e0:3f:49:25:d6:b1,-64
1485172516,Worxmate Guest,28:10:7b:15:f1:8e,-46
1485172516,Cognimatics 2.4,e0:3f:49:25:d6:b0,-62
1485172516,Cognimatics Guest,e0:3f:49:25:d6:b1,-62
1485172516,Cognimatics 2.4,e0:3f:49:25:d6:b0,-66
1485172516,Cognimatics Guest,e0:3f:49:25:d6:b1,-66
1485172516,Worxmate Guest,28:10:7b:15:f1:8e,-44
1485172516,Cognimatics 2.4,e0:3f:49:25:d6:b0,-66
1485172516,Cognimatics Guest,e0:3f:49:25:d6:b1,-66
1485172517,Worxmate Guest,28:10:7b:15:f1:8e,-50
1485172517,Cognimatics 2.4,e0:3f:49:25:d6:b0,-68
1485172517,Cognimatics Guest,e0:3f:49:25:d6:b1,-68
1485172517,Cognimatics Guest,e0:3f:49:25:d6:b1,-62
1485172517,Cognimatics 2.4,e0:3f:49:25:d6:b0,-62
1485172517,Cognimatics Guest,e0:3f:49:25:d6:b1,-62
1485172517,Cognimatics Guest,e0:3f:49:25:d6:b1,-62
1485172517,Cognimatics 2.4,e0:3f:49:25:d6:b0,-64
1485172517,Cognimatics Guest,e0:3f:49:25:d6:b1,-62
1485172517,Cognimatics 2.4,e0:3f:49:25:d6:b0,-62
1485172517,Cognimatics Guest,e0:3f:49:25:d6:b1,-62
1485172517,Cognimatics 2.4,e0:3f:49:25:d6:b0,-60
1485172518,Cognimatics 2.4,e0:3f:49:25:d6:b0,-60
1485172518,Cognimatics Guest,e0:3f:49:25:d6:b1,-62
1485172518,Cognimatics 2.4,e0:3f:49:25:d6:b0,-62
1485172518,Cognimatics Guest,e0:3f:49:25:d6:b1,-62
1485172518,Cognimatics 2.4,e0:3f:49:25:d6:b0,-66
1485172518,Cognimatics Guest,e0:3f:49:25:d6:b1,-66
1485172518,Cognimatics Guest,e0:3f:49:25:d6:b1,-60
1485172518,Cognimatics 2.4,e0:3f:49:25:d6:b0,-64
1485172518,Cognimatics Guest,e0:3f:49:25:d6:b1,-66
1485172518,Cognimatics Guest,e0:3f:49:25:d6:b1,-74
1485172518,Worxmate Guest,28:10:7b:15:f1:8e,-40
1485172518,Cognimatics 2.4,e0:3f:49:25:d6:b0,-66
1485172518,Cognimatics Guest,e0:3f:49:25:d6:b1,-66
1485172518,Worxmate Guest,28:10:7b:15:f1:8e,-42
1485172518,Cognimatics 2.4,e0:3f:49:25:d6:b0,-70
1485172518,Cognimatics Guest,e0:3f:49:25:d6:b1,-70
1485172519,Cognimatics 2.4,e0:3f:49:25:d6:b0,-66
1485172519,Cognimatics Guest,e0:3f:49:25:d6:b1,-70
1485172519,Worxmate Guest,28:10:7b:15:f1:8e,-54
1485172519,Worxmate Guest,28:10:7b:15:f1:8e,-46
1485172519,Cognimatics 2.4,e0:3f:49:25:d6:b0,-66
1485172519,LOM-2G,a0:63:91:31:3f:72,-76
1485172519,LOM-Guest2.4GHz,a2:63:91:31:3f:73,-76
1485172519,LOM-2G,a0:63:91:31:3f:72,-76
1485172519,LOM-Guest2.4GHz,a2:63:91:31:3f:73,-76
1485172519,LOM-Guest2.4GHz,a2:63:91:31:3f:73,-76
1485172519,LOM-Guest2.4GHz,a2:63:91:31:3f:73,-74
1485172519,Cognimatics 2.4,e0:3f:49:25:d6:b0,-66
1485172519,Cognimatics Guest,e0:3f:49:25:d6:b1,-66
1485172519,LOM-Guest2.4GHz,a2:63:91:31:3f:73,-74
1485172519,LOM-2G,a0:63:91:31:3f:72,-76
1485172519,LOM-2G,a0:63:91:31:3f:72,-72
1485172519,LOM-2G,a0:63:91:31:3f:72,-72
1485172519,LOM-Guest2.4GHz,a2:63:91:31:3f:73,-76
1485172519,LOM-Guest2.4GHz,a2:63:91:31:3f:73,-76
1485172519,LOM-Guest2.4GHz,a2:63:91:31:3f:73,-76
1485172519,Cognimatics Guest,e0:3f:49:25:d6:b1,-66
1485172519,LOM-2G,a0:63:91:31:3f:72,-76
1485172519,LOM-Guest2.4GHz,a2:63:91:31:3f:73,-76
1485172519,Cognimatics 2.4,e0:3f:49:25:d6:b0,-66
1485172519,Cognimatics Guest,e0:3f:49:25:d6:b1,-66
1485172519,Cognimatics 2.4,e0:3f:49:25:d6:b0,-66
1485172519,Cognimatics Guest,e0:3f:49:25:d6:b1,-66
1485172520,LOM-2G,a0:63:91:31:3f:72,-74
1485172520,LOM-Guest2.4GHz,a2:63:91:31:3f:73,-74
1485172520,Cognimatics Guest,e0:3f:49:25:d6:b1,-68
1485172520,Cognimatics Guest,e0:3f:49:25:d6:b1,-66
1485172520,Cognimatics Guest,e0:3f:49:25:d6:b1,-66
1485172520,Cognimatics Guest,e0:3f:49:25:d6:b1,-82
1485172520,LOM-2G,a0:63:91:31:3f:72,-80
1485172520,Cognimatics 2.4,e0:3f:49:25:d6:b0,-68
1485172520,Cognimatics Guest,e0:3f:49:25:d6:b1,-68
1485172520,Worxmate Guest,28:10:7b:15:f1:8e,-48
1485172520,Cognimatics Guest,e0:3f:49:25:d6:b1,-66
1485172520,Worxmate Guest,28:10:7b:15:f1:8e,-40
1485172520,Cognimatics 2.4,e0:3f:49:25:d6:b0,-64
1485172520,Cognimatics Guest,e0:3f:49:25:d6:b1,-64
1485172521,Worxmate Guest,28:10:7b:15:f1:8e,-40
1485172521,LOM-2G,a0:63:91:31:3f:72,-78
1485172521,Cognimatics 2.4,e0:3f:49:25:d6:b0,-68
1485172521,Cognimatics Guest,e0:3f:49:25:d6:b1,-66
1485172521,Cognimatics Guest,e0:3f:49:25:d6:b1,-66
1485172521,Cognimatics Guest,e0:3f:49:25:d6:b1,-62
1485172521,Cognimatics 2.4,e0:3f:49:25:d6:b0,-74
1485172521,Cognimatics Guest,e0:3f:49:25:d6:b1,-72
1485172521,Cognimatics Guest,e0:3f:49:25:d6:b1,-66
1485172521,Cognimatics 2.4,e0:3f:49:25:d6:b0,-68
1485172521,Cognimatics Guest,e0:3f:49:25:d6:b1,-66
1485172521,Cognimatics Guest,e0:3f:49:25:d6:b1,-80
1485172522,Cognimatics 2.4,e0:3f:49:25:d6:b0,-66
1485172522,Cognimatics Guest,e0:3f:49:25:d6:b1,-66
1485172522,Combain_GUEST,d0:17:c2:b3:49:72,-88
1485172522,Cognimatics 2.4,e0:3f:49:25:d6:b0,-64
1485172522,Cognimatics Guest,e0:3f:49:25:d6:b1,-66
1485172522,Cognimatics Guest,e0:3f:49:25:d6:b1,-70
1485172522,Cognimatics Guest,e0:3f:49:25:d6:b1,-68
1485172522,Cognimatics 2.4,e0:3f:49:25:d6:b0,-72
1485172522,Cognimatics Guest,e0:3f:49:25:d6:b1,-72
1485172522,Worxmate Guest,28:10:7b:15:f1:8e,-48
1485172522,Combain,d0:17:c2:b3:49:70,-70
1485172522,Worxmate Guest,28:10:7b:15:f1:8e,-48
1485172523,Cognimatics 2.4,e0:3f:49:25:d6:b0,-64
1485172523,Cognimatics 2.4,e0:3f:49:25:d6:b0,-62
1485172523,Cognimatics 2.4,e0:3f:49:25:d6:b0,-62
1485172523,Cognimatics Guest,e0:3f:49:25:d6:b1,-68
1485172523,Cognimatics Guest,e0:3f:49:25:d6:b1,-66
1485172523,Worxmate Guest,28:10:7b:15:f1:8e,-50
1485172523,Cognimatics 2.4,e0:3f:49:25:d6:b0,-62
1485172523,Cognimatics Guest,e0:3f:49:25:d6:b1,-62
1485172523,Cognimatics 2.4,e0:3f:49:25:d6:b0,-62
1485172523,Cognimatics Guest,e0:3f:49:25:d6:b1,-62
1485172523,Cognimatics Guest,e0:3f:49:25:d6:b1,-66
1485172523,Cognimatics 2.4,e0:3f:49:25:d6:b0,-70
1485172523,Cognimatics Guest,e0:3f:49:25:d6:b1,-66
1485172523,Cognimatics 2.4,e0:3f:49:25:d6:b0,-70
1485172523,Cognimatics Guest,e0:3f:49:25:d6:b1,-68
1485172524,Cognimatics 2.4,e0:3f:49:25:d6:b0,-64
1485172524,Cognimatics Guest,e0:3f:49:25:d6:b1,-66
1485172524,Cognimatics 2.4,e0:3f:49:25:d6:b0,-68
1485172524,Cognimatics Guest,e0:3f:49:25:d6:b1,-68
1485172524,Cognimatics 2.4,e0:3f:49:25:d6:b0,-62
1485172524,Cognimatics Guest,e0:3f:49:25:d6:b1,-62
1485172524,Cognimatics 2.4,e0:3f:49:25:d6:b0,-70
1485172524,Cognimatics Guest,e0:3f:49:25:d6:b1,-70
1485172524,LOM-Guest2.4GHz,a2:63:91:31:3f:73,-76
1485172524,Cognimatics 2.4,e0:3f:49:25:d6:b0,-58
1485172524,Cognimatics Guest,e0:3f:49:25:d6:b1,-60
1485172524,Worxmate Guest,28:10:7b:15:f1:8e,-48
1485172524,Cognimatics Guest,e0:3f:49:25:d6:b1,-66
1485172524,Worxmate Guest,28:10:7b:15:f1:8e,-40
1485172524,Cognimatics 2.4,e0:3f:49:25:d6:b0,-62
1485172524,Cognimatics Guest,e0:3f:49:25:d6:b1,-64
1485172524,Worxmate Guest,28:10:7b:15:f1:8e,-40
1485172524,Cognimatics 2.4,e0:3f:49:25:d6:b0,-66
1485172525,Cognimatics Guest,e0:3f:49:25:d6:b1,-68
1485172525,Cognimatics 2.4,e0:3f:49:25:d6:b0,-68
1485172525,Cognimatics Guest,e0:3f:49:25:d6:b1,-66
1485172525,Cognimatics Guest,e0:3f:49:25:d6:b1,-64
1485172525,Cognimatics 2.4,e0:3f:49:25:d6:b0,-72
1485172525,Cognimatics Guest,e0:3f:49:25:d6:b1,-70
1485172525,Cognimatics 2.4,e0:3f:49:25:d6:b0,-66
1485172525,Cognimatics Guest,e0:3f:49:25:d6:b1,-66
1485172525,Cognimatics 2.4,e0:3f:49:25:d6:b0,-68
1485172525,Cognimatics Guest,e0:3f:49:25:d6:b1,-68
1485172526,Cognimatics 2.4,e0:3f:49:25:d6:b0,-72
1485172526,Cognimatics Guest,e0:3f:49:25:d6:b1,-74
1485172526,Cognimatics 2.4,e0:3f:49:25:d6:b0,-66
1485172526,Cognimatics 2.4,e0:3f:49:25:d6:b0,-68
1485172526,Cognimatics Guest,e0:3f:49:25:d6:b1,-70
1485172526,Cognimatics 2.4,e0:3f:49:25:d6:b0,-66
1485172526,Cognimatics Guest,e0:3f:49:25:d6:b1,-64
1485172526,Cognimatics Guest,e0:3f:49:25:d6:b1,-70
1485172526,Cognimatics 2.4,e0:3f:49:25:d6:b0,-64
1485172526,Cognimatics Guest,e0:3f:49:25:d6:b1,-64
1485172526,LOM-2G,a0:63:91:31:3f:72,-78
1485172526,Worxmate Guest,28:10:7b:15:f1:8e,-50
1485172526,Cognimatics 2.4,e0:3f:49:25:d6:b0,-64
1485172526,Cognimatics Guest,e0:3f:49:25:d6:b1,-64
1485172526,Worxmate Guest,28:10:7b:15:f1:8e,-44
1485172527,Cognimatics 2.4,e0:3f:49:25:d6:b0,-72
1485172527,Cognimatics Guest,e0:3f:49:25:d6:b1,-72
1485172527,Worxmate Guest,28:10:7b:15:f1:8e,-44
1485172527,Cognimatics 2.4,e0:3f:49:25:d6:b0,-74
1485172527,Cognimatics 2.4,e0:3f:49:25:d6:b0,-76
1485172527,Cognimatics Guest,e0:3f:49:25:d6:b1,-72
1485172527,Cognimatics 2.4,e0:3f:49:25:d6:b0,-72
1485172527,Cognimatics Guest,e0:3f:49:25:d6:b1,-72
1485172527,Cognimatics Guest,e0:3f:49:25:d6:b1,-70
1485172528,LOM-2G,a0:63:91:31:3f:72,-80
1485172528,LOM-Guest2.4GHz,a2:63:91:31:3f:73,-80
1485172528,Combain Mobile AB,94:44:44:fc:36:7b,-74
1485172528,Combain Mobile AB,94:44:44:fc:36:7b,-76
1485172528,Combain Mobile AB,94:44:44:fc:36:7b,-76
1485172528,Cognimatics Guest,e0:3f:49:25:d6:b1,-66
1485172528,Combain Mobile AB,94:44:44:fc:36:7b,-60
1485172528,Combain Mobile AB,94:44:44:fc:36:7b,-66
1485172528,Combain Mobile AB,94:44:44:fc:36:7b,-66
1485172528,Cognimatics 2.4,e0:3f:49:25:d6:b0,-66
1485172528,Cognimatics Guest,e0:3f:49:25:d6:b1,-66
1485172528,Cognimatics Guest,e0:3f:49:25:d6:b1,-66
1485172528,Cognimatics 2.4,e0:3f:49:25:d6:b0,-66
1485172528,Cognimatics Guest,e0:3f:49:25:d6:b1,-66
1485172528,Worxmate Guest,28:10:7b:15:f1:8e,-50
1485172528,Cognimatics 2.4,e0:3f:49:25:d6:b0,-66
1485172528,Cognimatics Guest,e0:3f:49:25:d6:b1,-66
1485172528,Worxmate Guest,28:10:7b:15:f1:8e,-42
1485172528,Cognimatics 2.4,e0:3f:49:25:d6:b0,-72
1485172529,Worxmate Guest,28:10:7b:15:f1:8e,-40
1485172529,Worxmate Guest,28:10:7b:15:f1:8e,-42
1485172529,Cognimatics 2.4,e0:3f:49:25:d6:b0,-66
1485172529,Cognimatics Guest,e0:3f:49:25:d6:b1,-66
1485172529,Worxmate Guest,28:10:7b:15:f1:8e,-56
1485172529,Cognimatics 2.4,e0:3f:49:25:d6:b0,-64
1485172529,Cognimatics Guest,e0:3f:49:25:d6:b1,-64
1485172529,Cognimatics 2.4,e0:3f:49:25:d6:b0,-66
1485172529,Cognimatics Guest,e0:3f:49:25:d6:b1,-64
1485172529,Cognimatics 2.4,e0:3f:49:25:d6:b0,-66
1485172529,Cognimatics Guest,e0:3f:49:25:d6:b1,-66
1485172529,Cognimatics 2.4,e0:3f:49:25:d6:b0,-64
1485172529,Cognimatics Guest,e0:3f:49:25:d6:b1,-64
1485172529,Cognimatics 2.4,e0:3f:49:25:d6:b0,-62
1485172529,Cognimatics Guest,e0:3f:49:25:d6:b1,-62
1485172530,Cognimatics 2.4,e0:3f:49:25:d6:b0,-62
1485172530,Cognimatics Guest,e0:3f:49:25:d6:b1,-62
1485172530,Cognimatics 2.4,e0:3f:49:25:d6:b0,-62
1485172530,Cognimatics 2.4,e0:3f:49:25:d6:b0,-62
1485172530,Cognimatics 2.4,e0:3f:49:25:d6:b0,-66
1485172530,Cognimatics Guest,e0:3f:49:25:d6:b1,-66
1485172530,Cognimatics Guest,e0:3f:49:25:d6:b1,-62
1485172530,Cognimatics 2.4,e0:3f:49:25:d6:b0,-70
1485172530,Cognimatics Guest,e0:3f:49:25:d6:b1,-68
1485172530,Worxmate Guest,28:10:7b:15:f1:8e,-58
1485172530,Cognimatics 2.4,e0:3f:49:25:d6:b0,-66
1485172530,Worxmate Guest,28:10:7b:15:f1:8e,-52
1485172530,Cognimatics 2.4,e0:3f:49:25:d6:b0,-66
1485172530,Cognimatics Guest,e0:3f:49:25:d6:b1,-68
1485172531,Cognimatics 2.4,e0:3f:49:25:d6:b0,-68
1485172531,Worxmate Guest,28:10:7b:15:f1:8e,-44
1485172531,Cognimatics 2.4,e0:3f:49:25:d6:b0,-66
1485172531,Cognimatics Guest,e0:3f:49:25:d6:b1,-66
1485172531,Worxmate Guest,28:10:7b:15:f1:8e,-44
1485172531,Cognimatics 2.4,e0:3f:49:25:d6:b0,-70
1485172531,Cognimatics Guest,e0:3f:49:25:d6:b1,-62
1485172531,Cognimatics 2.4,e0:3f:49:25:d6:b0,-62
1485172531,Cognimatics Guest,e0:3f:49:25:d6:b1,-62
1485172531,Cognimatics 2.4,e0:3f:49:25:d6:b0,-60
1485172531,Cognimatics Guest,e0:3f:49:25:d6:b1,-60
1485172531,Cognimatics 2.4,e0:3f:49:25:d6:b0,-62
1485172531,Cognimatics Guest,e0:3f:49:25:d6:b1,-62
1485172531,Cognimatics 2.4,e0:3f:49:25:d6:b0,-66
1485172531,Cognimatics Guest,e0:3f:49:25:d6:b1,-66
1485172532,Combain,d0:17:c2:b3:49:70,-68
1485172532,Worxmate_GUEST,d0:17:c2:b3:49:73,-68
1485172532,Cognimatics Guest,e0:3f:49:25:d6:b1,-68
1485172532,Cognimatics Guest,e0:3f:49:25:d6:b1,-72
1485172532,Worxmate Guest,28:10:7b:15:f1:8e,-46
1485172532,Cognimatics 2.4,e0:3f:49:25:d6:b0,-60
1485172532,Cognimatics Guest,e0:3f:49:25:d6:b1,-60
1485172532,Cognimatics Guest,e0:3f:49:25:d6:b1,-60
1485172532,Cognimatics 2.4,e0:3f:49:25:d6:b0,-66
1485172532,Worxmate Guest,28:10:7b:15:f1:8e,-42
1485172533,Cognimatics Guest,e0:3f:49:25:d6:b1,-72
1485172533,Cognimatics 2.4,e0:3f:49:25:d6:b0,-58
1485172533,Cognimatics 2.4,e0:3f:49:25:d6:b0,-58
1485172533,Worxmate Guest,28:10:7b:15:f1:8e,-50
1485172533,Cognimatics 2.4,e0:3f:49:25:d6:b0,-58
1485172533,Cognimatics Guest,e0:3f:49:25:d6:b1,-60
1485172533,Cognimatics Guest,e0:3f:49:25:d6:b1,-60
1485172533,Cognimatics Guest,e0:3f:49:25:d6:b1,-60
1485172533,Cognimatics Guest,e0:3f:49:25:d6:b1,-60
1485172533,Cognimatics Guest,e0:3f:49:25:d6:b1,-60
1485172533,Cognimatics 2.4,e0:3f:49:25:d6:b0,-66
1485172533,Cognimatics Guest,e0:3f:49:25:d6:b1,-66
1485172533,Cognimatics 2.4,e0:3f:49:25:d6:b0,-72
1485172533,Cognimatics Guest,e0:3f:49:25:d6:b1,-72
1485172533,Cognimatics 2.4,e0:3f:49:25:d6:b0,-72
1485172533,Cognimatics Guest,e0:3f:49:25:d6:b1,-68
1485172533,Cognimatics 2.4,e0:3f:49:25:d6:b0,-62
1485172533,Cognimatics Guest,e0:3f:49:25:d6:b1,-62
1485172533,Cognimatics 2.4,e0:3f:49:25:d6:b0,-66
1485172534,Cognimatics 2.4,e0:3f:49:25:d6:b0,-66
1485172534,Cognimatics Guest,e0:3f:49:25:d6:b1,-66
1485172534,Cognimatics 2.4,e0:3f:49:25:d6:b0,-66
1485172534,Cognimatics Guest,e0:3f:49:25:d6:b1,-68
1485172534,Cognimatics 2.4,e0:3f:49:25:d6:b0,-70
1485172534,Cognimatics Guest,e0:3f:49:25:d6:b1,-70
1485172534,Cognimatics Guest,e0:3f:49:25:d6:b1,-70
1485172534,Cognimatics 2.4,e0:3f:49:25:d6:b0,-72
1485172534,Cognimatics Guest,e0:3f:49:25:d6:b1,-70
1485172534,Cognimatics 2.4,e0:3f:49:25:d6:b0,-68
1485172534,Cognimatics 2.4,e0:3f:49:25:d6:b0,-66
1485172534,Cognimatics Guest,e0:3f:49:25:d6:b1,-66
1485172534,Worxmate Guest,28:10:7b:15:f1:8e,-56
1485172534,Cognimatics 2.4,e0:3f:49:25:d6:b0,-66
1485172534,Cognimatics Guest,e0:3f:49:25:d6:b1,-64
1485172535,Worxmate Guest,28:10:7b:15:f1:8e,-56
1485172535,Worxmate Guest,28:10:7b:15:f1:8e,-56
1485172535,Worxmate Guest,28:10:7b:15:f1:8e,-66
1485172535,Cognimatics 2.4,e0:3f:49:25:d6:b0,-70
1485172535,Cognimatics Guest,e0:3f:49:25:d6:b1,-70
1485172535,Cognimatics 2.4,e0:3f:49:25:d6:b0,-68
1485172535,Cognimatics Guest,e0:3f:49:25:d6:b1,-68
1485172535,Cognimatics Guest,e0:3f:49:25:d6:b1,-70
1485172535,Cognimatics 2.4,e0:3f:49:25:d6:b0,-72
1485172535,Cognimatics Guest,e0:3f:49:25:d6:b1,-72
1485172536,Cognimatics 2.4,e0:3f:49:25:d6:b0,-70
1485172536,Cognimatics Guest,e0:3f:49:25:d6:b1,-70
1485172536,Cognimatics 2.4,e0:3f:49:25:d6:b0,-70
1485172536,Cognimatics Guest,e0:3f:49:25:d6:b1,-72
1485172536,Cognimatics 2.4,e0:3f:49:25:d6:b0,-72
1485172536,Cognimatics Guest,e0:3f:49:25:d6:b1,-68
1485172536,Cognimatics 2.4,e0:3f:49:25:d6:b0,-72
1485172536,Cognimatics Guest,e0:3f:49:25:d6:b1,-70
1485172536,Worxmate Guest,28:10:7b:15:f1:8e,-52
1485172536,Cognimatics 2.4,e0:3f:49:25:d6:b0,-68
1485172536,Cognimatics Guest,e0:3f:49:25:d6:b1,-68
1485172536,Cognimatics Guest,e0:3f:49:25:d6:b1,-68
1485172536,Worxmate Guest,28:10:7b:15:f1:8e,-54
1485172537,Cognimatics Guest,e0:3f:49:25:d6:b1,-66
1485172537,Cognimatics 2.4,e0:3f:49:25:d6:b0,-74
1485172537,Cognimatics 2.4,e0:3f:49:25:d6:b0,-72
1485172537,Cognimatics Guest,e0:3f:49:25:d6:b1,-72
1485172537,Worxmate Guest,28:10:7b:15:f1:8e,-44
1485172537,Cognimatics 2.4,e0:3f:49:25:d6:b0,-68
1485172537,Worxmate Guest,28:10:7b:15:f1:8e,-50
1485172537,Cognimatics Guest,e0:3f:49:25:d6:b1,-72
1485172537,Cognimatics 2.4,e0:3f:49:25:d6:b0,-74
1485172537,Cognimatics Guest,e0:3f:49:25:d6:b1,-70
1485172537,Cognimatics 2.4,e0:3f:49:25:d6:b0,-66
1485172537,Cognimatics Guest,e0:3f:49:25:d6:b1,-64
1485172538,Cognimatics 2.4,e0:3f:49:25:d6:b0,-70
1485172538,Cognimatics Guest,e0:3f:49:25:d6:b1,-68
1485172538,Cognimatics 2.4,e0:3f:49:25:d6:b0,-70
1485172538,Cognimatics Guest,e0:3f:49:25:d6:b1,-72
1485172538,Cognimatics 2.4,e0:3f:49:25:d6:b0,-78
1485172538,Cognimatics 2.4,e0:3f:49:25:d6:b0,-74
1485172538,Cognimatics 2.4,e0:3f:49:25:d6:b0,-74
1485172538,Worxmate Guest,28:10:7b:15:f1:8e,-54
1485172539,Combain Mobile AB,94:44:44:fc:36:7b,-72
1485172539,Cognimatics 2.4,e0:3f:49:25:d6:b0,-72
1485172539,Worxmate Guest,28:10:7b:15:f1:8e,-44
1485172539,Combain Mobile AB,94:44:44:fc:36:7b,-62
1485172539,Combain Mobile AB,94:44:44:fc:36:7b,-64
1485172539,Cognimatics 2.4,e0:3f:49:25:d6:b0,-74
1485172539,Combain Mobile AB,94:44:44:fc:36:7b,-62
1485172539,Worxmate Guest,28:10:7b:15:f1:8e,-40
1485172539,Combain Mobile AB,94:44:44:fc:36:7b,-62
1485172539,Worxmate Guest,28:10:7b:15:f1:8e,-46
1485172539,Cognimatics 2.4,e0:3f:49:25:d6:b0,-72
1485172539,Cognimatics Guest,e0:3f:49:25:d6:b1,-72
1485172539,Combain_GUEST,d0:17:c2:b3:49:72,-42
1485172540,Cognimatics Guest,e0:3f:49:25:d6:b1,-72
1485172540,Combain_GUEST,d0:17:c2:b3:49:72,-44
1485172540,Combain,d0:17:c2:b3:49:70,-44
1485172540,Cognimatics 2.4,e0:3f:49:25:d6:b0,-72
1485172540,Cognimatics Guest,e0:3f:49:25:d6:b1,-72
1485172540,Cognimatics 2.4,e0:3f:49:25:d6:b0,-72
1485172540,Cognimatics Guest,e0:3f:49:25:d6:b1,-74
1485172540,Cognimatics 2.4,e0:3f:49:25:d6:b0,-70
1485172540,Cognimatics Guest,e0:3f:49:25:d6:b1,-72
1485172540,Worxmate_GUEST,d0:17:c2:b3:49:73,-44
1485172541,Worxmate Guest,28:10:7b:15:f1:8e,-50
1485172541,Worxmate Guest,28:10:7b:15:f1:8e,-42
1485172541,Cognimatics Guest,e0:3f:49:25:d6:b1,-72
1485172541,Worxmate Guest,28:10:7b:15:f1:8e,-50
1485172541,Worxmate Guest,28:10:7b:15:f1:8e,-52
1485172541,Cognimatics 2.4,e0:3f:49:25:d6:b0,-70
1485172541,Cognimatics Guest,e0:3f:49:25:d6:b1,-70
1485172542,Cognimatics Guest,e0:3f:49:25:d6:b1,-74
1485172542,Cognimatics 2.4,e0:3f:49:25:d6:b0,-72
1485172542,Cognimatics Guest,e0:3f:49:25:d6:b1,-70
1485172542,Cognimatics 2.4,e0:3f:49:25:d6:b0,-70
1485172542,Cognimatics 2.4,e0:3f:49:25:d6:b0,-68
1485172542,Cognimatics Guest,e0:3f:49:25:d6:b1,-72
1485172542,Cognimatics 2.4,e0:3f:49:25:d6:b0,-72
1485172542,Cognimatics Guest,e0:3f:49:25:d6:b1,-70
1485172542,Cognimatics 2.4,e0:3f:49:25:d6:b0,-72
1485172542,Worxmate Guest,28:10:7b:15:f1:8e,-56
1485172543,Worxmate,d0:17:c2:b3:49:71,-42
1485172543,Worxmate Guest,28:10:7b:15:f1:8e,-48
1485172543,Combain_GUEST,d0:17:c2:b3:49:72,-42
1485172543,Worxmate,d0:17:c2:b3:49:71,-42
1485172543,Combain_GUEST,d0:17:c2:b3:49:72,-42
1485172543,Combain_GUEST,d0:17:c2:b3:49:72,-40
1485172543,Worxmate_GUEST,d0:17:c2:b3:49:73,-42
1485172543,Worxmate_GUEST,d0:17:c2:b3:49:73,-42
1485172543,Worxmate Guest,28:10:7b:15:f1:8e,-40
1485172543,Combain_GUEST,d0:17:c2:b3:49:72,-40
1485172543,Cognimatics Guest,e0:3f:49:25:d6:b1,-66
1485172543,Combain_GUEST,d0:17:c2:b3:49:72,-72
1485172543,Worxmate,d0:17:c2:b3:49:71,-40
1485172543,Worxmate Guest,28:10:7b:15:f1:8e,-48
1485172543,Combain,d0:17:c2:b3:49:70,-40
1485172543,Combain,d0:17:c2:b3:49:70,-42
1485172543,Worxmate,d0:17:c2:b3:49:71,-40
1485172543,Worxmate_GUEST,d0:17:c2:b3:49:73,-40
1485172543,Combain,d0:17:c2:b3:49:70,-40
1485172543,Worxmate,d0:17:c2:b3:49:71,-38
1485172543,Worxmate,d0:17:c2:b3:49:71,-40
1485172543,Cognimatics 2.4,e0:3f:49:25:d6:b0,-74
1485172543,Cognimatics Guest,e0:3f:49:25:d6:b1,-72
1485172543,Combain,d0:17:c2:b3:49:70,-40
1485172543,Worxmate,d0:17:c2:b3:49:71,-40
1485172543,Combain_GUEST,d0:17:c2:b3:49:72,-40
1485172543,Combain,d0:17:c2:b3:49:70,-42
1485172543,Combain_GUEST,d0:17:c2:b3:49:72,-42
1485172543,Cognimatics 2.4,e0:3f:49:25:d6:b0,-68
1485172543,Cognimatics Guest,e0:3f:49:25:d6:b1,-68
1485172543,Combain,d0:17:c2:b3:49:70,-42
1485172543,Combain,d0:17:c2:b3:49:70,-42
1485172543,Worxmate,d0:17:c2:b3:49:71,-42
1485172543,Worxmate,d0:17:c2:b3:49:71,-42
1485172544,Worxmate_GUEST,d0:17:c2:b3:49:73,-42
1485172544,Cognimatics 2.4,e0:3f:49:25:d6:b0,-66
1485172544,Cognimatics Guest,e0:3f:49:25:d6:b1,-68
1485172544,Worxmate,d0:17:c2:b3:49:71,-42
1485172544,Cognimatics 2.4,e0:3f:49:25:d6:b0,-68
1485172544,Cognimatics Guest,e0:3f:49:25:d6:b1,-66
1485172544,Worxmate,d0:17:c2:b3:49:71,-44
1485172544,Combain_GUEST,d0:17:c2:b3:49:72,-44
1485172544,Cognimatics 2.4,e0:3f:49:25:d6:b0,-68
1485172544,Cognimatics Guest,e0:3f:49:25:d6:b1,-68
1485172544,Worxmate,d0:17:c2:b3:49:71,-40
1485172544,Worxmate_GUEST,d0:17:c2:b3:49:73,-42
1485172544,Cognimatics Guest,e0:3f:49:25:d6:b1,-66
1485172544,Cognimatics 2.4,e0:3f:49:25:d6:b0,-72
1485172544,Cognimatics Guest,e0:3f:49:25:d6:b1,-72
1485172544,Worxmate Guest,28:10:7b:15:f1:8e,-58
1485172545,Cognimatics 2.4,e0:3f:49:25:d6:b0,-70
1485172545,Cognimatics Guest,e0:3f:49:25:d6:b1,-70
1485172545,Worxmate Guest,28:10:7b:15:f1:8e,-48
1485172545,Worxmate_GUEST,d0:17:c2:b3:49:73,-44
1485172545,Worxmate Guest,28:10:7b:15:f1:8e,-52
1485172545,Worxmate_GUEST,d0:17:c2:b3:49:73,-82
1485172545,Cognimatics 2.4,e0:3f:49:25:d6:b0,-72
1485172545,Cognimatics Guest,e0:3f:49:25:d6:b1,-74
1485172545,Cognimatics 2.4,e0:3f:49:25:d6:b0,-68
1485172545,Cognimatics Guest,e0:3f:49:25:d6:b1,-68
1485172545,Cognimatics Guest,e0:3f:49:25:d6:b1,-66
1485172546,Cognimatics 2.4,e0:3f:49:25:d6:b0,-66
1485172546,LOM-Guest2.4GHz,a2:63:91:31:3f:73,-78
1485172546,Cognimatics 2.4,e0:3f:49:25:d6:b0,-66
1485172546,Cognimatics Guest,e0:3f:49:25:d6:b1,-66
1485172546,Cognimatics 2.4,e0:3f:49:25:d6:b0,-60
1485172546,Cognimatics 2.4,e0:3f:49:25:d6:b0,-60
1485172546,Cognimatics 2.4,e0:3f:49:25:d6:b0,-60
1485172546,Cognimatics 2.4,e0:3f:49:25:d6:b0,-60
1485172546,Cognimatics 2.4,e0:3f:49:25:d6:b0,-62
1485172546,Cognimatics Guest,e0:3f:49:25:d6:b1,-60
1485172546,Cognimatics Guest,e0:3f:49:25:d6:b1,-60
1485172546,Cognimatics Guest,e0:3f:49:25:d6:b1,-62
1485172546,Cognimatics Guest,e0:3f:49:25:d6:b1,-64
1485172546,Cognimatics Guest,e0:3f:49:25:d6:b1,-62
1485172546,Cognimatics 2.4,e0:3f:49:25:d6:b0,-70
1485172546,Cognimatics Guest,e0:3f:49:25:d6:b1,-70
1485172546,Cognimatics 2.4,e0:3f:49:25:d6:b0,-74
1485172546,Cognimatics Guest,e0:3f:49:25:d6:b1,-72
1485172546,Cognimatics 2.4,e0:3f:49:25:d6:b0,-74
1485172546,Cognimatics Guest,e0:3f:49:25:d6:b1,-72
1485172546,Cognimatics Guest,e0:3f:49:25:d6:b1,-74
1485172546,Cognimatics 2.4,e0:3f:49:25:d6:b0,-72
1485172547,Cognimatics Guest,e0:3f:49:25:d6:b1,-72
1485172547,Cognimatics 2.4,e0:3f:49:25:d6:b0,-70
1485172547,Cognimatics Guest,e0:3f:49:25:d6:b1,-70
1485172547,Cognimatics 2.4,e0:3f:49:25:d6:b0,-68
1485172547,Cognimatics Guest,e0:3f:49:25:d6:b1,-66
1485172547,Cognimatics 2.4,e0:3f:49:25:d6:b0,-66
1485172547,Worxmate Guest,28:10:7b:15:f1:8e,-44
1485172547,Cognimatics 2.4,e0:3f:49:25:d6:b0,-68
1485172547,Cognimatics Guest,e0:3f:49:25:d6:b1,-66
1485172547,Worxmate Guest,28:10:7b:15:f1:8e,-42
1485172547,Cognimatics Guest,e0:3f:49:25:d6:b1,-64
1485172547,Worxmate_GUEST,d0:17:c2:b3:49:73,-98
1485172547,Worxmate Guest,28:10:7b:15:f1:8e,-52
1485172547,Cognimatics 2.4,e0:3f:49:25:d6:b0,-68
1485172547,Cognimatics Guest,e0:3f:49:25:d6:b1,-70
1485172547,Cognimatics 2.4,e0:3f:49:25:d6:b0,-68
1485172547,Cognimatics Guest,e0:3f:49:25:d6:b1,-66
1485172547,Cognimatics Guest,e0:3f:49:25:d6:b1,-66
1485172548,Cognimatics 2.4,e0:3f:49:25:d6:b0,-60
1485172548,Cognimatics Guest,e0:3f:49:25:d6:b1,-62
1485172548,Cognimatics 2.4,e0:3f:49:25:d6:b0,-66
1485172548,Cognimatics Guest,e0:3f:49:25:d6:b1,-66
1485172548,Cognimatics 2.4,e0:3f:49:25:d6:b0,-70
1485172548,Cognimatics Guest,e0:3f:49:25:d6:b1,-70
1485172548,Cognimatics 2.4,e0:3f:49:25:d6:b0,-70
1485172548,Cognimatics 2.4,e0:3f:49:25:d6:b0,-66
1485172548,Cognimatics 2.4,e0:3f:49:25:d6:b0,-66
1485172548,Cognimatics Guest,e0:3f:49:25:d6:b1,-66
1485172549,Cognimatics 2.4,e0:3f:49:25:d6:b0,-72
1485172549,Cognimatics Guest,e0:3f:49:25:d6:b1,-70
1485172549,Cognimatics Guest,e0:3f:49:25:d6:b1,-74
1485172549,Worxmate Guest,28:10:7b:15:f1:8e,-42
1485172549,Worxmate Guest,28:10:7b:15:f1:8e,-40
1485172549,Worxmate Guest,28:10:7b:15:f1:8e,-44
1485172549,Cognimatics 2.4,e0:3f:49:25:d6:b0,-70
1485172549,Cognimatics Guest,e0:3f:49:25:d6:b1,-72
1485172549,Worxmate Guest,28:10:7b:15:f1:8e,-46
1485172549,Cognimatics 2.4,e0:3f:49:25:d6:b0,-72
1485172549,Cognimatics Guest,e0:3f:49:25:d6:b1,-72
1485172549,Combain Mobile AB,94:44:44:fc:36:7b,-64
1485172549,Combain Mobile AB,94:44:44:fc:36:7b,-60
1485172549,Combain Mobile AB,94:44:44:fc:36:7b,-62
1485172549,Combain Mobile AB,94:44:44:fc:36:7b,-64
1485172549,Combain Mobile AB,94:44:44:fc:36:7b,-60
1485172549,Cognimatics 2.4,e0:3f:49:25:d6:b0,-64
1485172549,Cognimatics Guest,e0:3f:49:25:d6:b1,-64
1485172549,Combain Mobile AB,94:44:44:fc:36:7b,-56
1485172549,Combain Mobile AB,94:44:44:fc:36:7b,-58
1485172549,Cognimatics Guest,e0:3f:49:25:d6:b1,-64
1485172550,Cognimatics 2.4,e0:3f:49:25:d6:b0,-66
1485172550,Cognimatics 2.4,e0:3f:49:25:d6:b0,-70
1485172550,Cognimatics Guest,e0:3f:49:25:d6:b1,-70
1485172550,Worxmate,d0:17:c2:b3:49:71,-80
1485172550,Cognimatics Guest,e0:3f:49:25:d6:b1,-68
1485172550,Cognimatics Guest,e0:3f:49:25:d6:b1,-72
1485172550,Cognimatics 2.4,e0:3f:49:25:d6:b0,-70
1485172550,Cognimatics Guest,e0:3f:49:25:d6:b1,-68
1485172550,Cognimatics Guest,e0:3f:49:25:d6:b1,-62
1485172551,Cognimatics 2.4,e0:3f:49:25:d6:b0,-60
1485172551,Cognimatics Guest,e0:3f:49:25:d6:b1,-60
1485172551,Worxmate Guest,28:10:7b:15:f1:8e,-42
1485172551,Cognimatics 2.4,e0:3f:49:25:d6:b0,-60
1485172551,Cognimatics Guest,e0:3f:49:25:d6:b1,-60
1485172551,Cognimatics 2.4,e0:3f:49:25:d6:b0,-62
1485172551,Cognimatics Guest,e0:3f:49:25:d6:b1,-62
1485172551,Cognimatics 2.4,e0:3f:49:25:d6:b0,-60
1485172551,Cognimatics Guest,e0:3f:49:25:d6:b1,-60
1485172551,Cognimatics 2.4,e0:3f:49:25:d6:b0,-58
1485172551,Cognimatics Guest,e0:3f:49:25:d6:b1,-60
1485172551,Cognimatics Guest,e0:3f:49:25:d6:b1,-62
1485172551,Worxmate Guest,28:10:7b:15:f1:8e,-48
1485172551,Cognimatics 2.4,e0:3f:49:25:d6:b0,-64
1485172551,Cognimatics Guest,e0:3f:49:25:d6:b1,-62
1485172551,Cognimatics 2.4,e0:3f:49:25:d6:b0,-70
1485172551,Cognimatics Guest,e0:3f:49:25:d6:b1,-70
1485172551,Cognimatics 2.4,e0:3f:49:25:d6:b0,-66
1485172551,Cognimatics Guest,e0:3f:49:25:d6:b1,-66
1485172552,Cognimatics 2.4,e0:3f:49:25:d6:b0,-70
1485172552,Cognimatics Guest,e0:3f:49:25:d6:b1,-70
1485172552,Cognimatics 2.4,e0:3f:49:25:d6:b0,-64
1485172552,Cognimatics Guest,e0:3f:49:25:d6:b1,-62
1485172552,Cognimatics 2.4,e0:3f:49:25:d6:b0,-60
1485172552,Cognimatics Guest,e0:3f:49:25:d6:b1,-60
1485172552,Cognimatics 2.4,e0:3f:49:25:d6:b0,-62
1485172552,Cognimatics Guest,e0:3f:49:25:d6:b1,-62
1485172552,Cognimatics 2.4,e0:3f:49:25:d6:b0,-64
1485172552,Cognimatics Guest,e0:3f:49:25:d6:b1,-64
1485172552,Cognimatics 2.4,e0:3f:49:25:d6:b0,-62
1485172552,Cognimatics Guest,e0:3f:49:25:d6:b1,-62
1485172552,Combain_GUEST,d0:17:c2:b3:49:72,-82
1485172552,Cognimatics Guest,e0:3f:49:25:d6:b1,-66
1485172553,Cognimatics Guest,e0:3f:49:25:d6:b1,-66
1485172553,Worxmate Guest,28:10:7b:15:f1:8e,-54
1485172553,Cognimatics 2.4,e0:3f:49:25:d6:b0,-60
1485172553,Cognimatics 2.4,e0:3f:49:25:d6:b0,-62
1485172553,Cognimatics Guest,e0:3f:49:25:d6:b1,-64
1485172553,Cognimatics 2.4,e0:3f:49:25:d6:b0,-66
1485172553,Cognimatics Guest,e0:3f:49:25:d6:b1,-68
1485172553,Worxmate Guest,28:10:7b:15:f1:8e,-48
1485172553,Cognimatics 2.4,e0:3f:49:25:d6:b0,-62
1485172553,Cognimatics Guest,e0:3f:49:25:d6:b1,-62
1485172553,Cognimatics 2.4,e0:3f:49:25:d6:b0,-64
1485172553,Cognimatics Guest,e0:3f:49:25:d6:b1,-62
1485172553,Cognimatics 2.4,e0:3f:49:25:d6:b0,-54
1485172553,Cognimatics 2.4,e0:3f:49:25:d6:b0,-54
1485172553,Cognimatics 2.4,e0:3f:49:25:d6:b0,-54
1485172553,Cognimatics 2.4,e0:3f:49:25:d6:b0,-54
1485172553,Cognimatics Guest,e0:3f:49:25:d6:b1,-54
1485172553,Cognimatics Guest,e0:3f:49:25:d6:b1,-54
1485172553,Cognimatics 2.4,e0:3f:49:25:d6:b0,-60
1485172553,Cognimatics Guest,e0:3f:49:25:d6:b1,-60
1485172553,Cognimatics Guest,e0:3f:49:25:d6:b1,-54
1485172553,Cognimatics Guest,e0:3f:49:25:d6:b1,-54
1485172553,Cognimatics 2.4,e0:3f:49:25:d6:b0,-58
1485172553,Cognimatics Guest,e0:3f:49:25:d6:b1,-60
1485172553,Cognimatics 2.4,e0:3f:49:25:d6:b0,-70
1485172553,Cognimatics Guest,e0:3f:49:25:d6:b1,-70
1485172554,Cognimatics Guest,e0:3f:49:25:d6:b1,-66
1485172554,Cognimatics Guest,e0:3f:49:25:d6:b1,-66
1485172554,Cognimatics Guest,e0:3f:49:25:d6:b1,-72
1485172554,Combain,d0:17:c2:b3:49:70,-56
1485172554,Cognimatics Guest,e0:3f:49:25:d6:b1,-66
1485172554,Cognimatics Guest,e0:3f:49:25:d6:b1,-60
1485172554,Cognimatics Guest,e0:3f:49:25:d6:b1,-56
1485172554,Cognimatics 2.4,e0:3f:49:25:d6:b0,-64
1485172554,Cognimatics Guest,e0:3f:49:25:d6:b1,-64
1485172554,Cognimatics 2.4,e0:3f:49:25:d6:b0,-70
1485172554,Cognimatics Guest,e0:3f:49:25:d6:b1,-64
1485172554,Cognimatics Guest,e0:3f:49:25:d6:b1,-70
1485172554,Cognimatics 2.4,e0:3f:49:25:d6:b0,-66
1485172554,Cognimatics 2.4,e0:3f:49:25:d6:b0,-62
1485172554,Cognimatics Guest,e0:3f:49:25:d6:b1,-60
1485172555,Cognimatics Guest,e0:3f:49:25:d6:b1,-62
1485172555,Worxmate Guest,28:10:7b:15:f1:8e,-42
1485172555,Cognimatics 2.4,e0:3f:49:25:d6:b0,-64
1485172555,Cognimatics Guest,e0:3f:49:25:d6:b1,-64
1485172555,Worxmate Guest,28:10:7b:15:f1:8e,-42
1485172555,Cognimatics Guest,e0:3f:49:25:d6:b1,-62
1485172555,Cognimatics 2.4,e0:3f:49:25:d6:b0,-56
1485172555,Cognimatics Guest,e0:3f:49:25:d6:b1,-58
1485172555,Worxmate Guest,28:10:7b:15:f1:8e,-40
1485172555,Cognimatics Guest,e0:3f:49:25:d6:b1,-58
1485172555,Worxmate Guest,28:10:7b:15:f1:8e,-42
1485172555,Cognimatics 2.4,e0:3f:49:25:d6:b0,-68
1485172555,Worxmate Guest,28:10:7b:15:f1:8e,-44
1485172555,Cognimatics 2.4,e0:3f:49:25:d6:b0,-68
1485172555,Cognimatics Guest,e0:3f:49:25:d6:b1,-70
1485172555,Cognimatics 2.4,e0:3f:49:25:d6:b0,-66
1485172555,Cognimatics Guest,e0:3f:49:25:d6:b1,-66
1485172555,Cognimatics 2.4,e0:3f:49:25:d6:b0,-60
1485172555,Cognimatics Guest,e0:3f:49:25:d6:b1,-60
1485172556,Cognimatics 2.4,e0:3f:49:25:d6:b0,-58
1485172556,Cognimatics Guest,e0:3f:49:25:d6:b1,-58
1485172556,Cognimatics 2.4,e0:3f:49:25:d6:b0,-60
1485172556,Cognimatics 2.4,e0:3f:49:25:d6:b0,-60
1485172556,Cognimatics Guest,e0:3f:49:25:d6:b1,-60
1485172556,Cognimatics 2.4,e0:3f:49:25:d6:b0,-58
1485172556,Cognimatics Guest,e0:3f:49:25:d6:b1,-58
1485172556,Cognimatics Guest,e0:3f:49:25:d6:b1,-56
1485172556,LOM-2G,a0:63:91:31:3f:72,-74
1485172556,Cognimatics 2.4,e0:3f:49:25:d6:b0,-54
1485172556,Cognimatics Guest,e0:3f:49:25:d6:b1,-54
1485172556,Cognimatics 2.4,e0:3f:49:25:d6:b0,-56
1485172556,Cognimatics 2.4,e0:3f:49:25:d6:b0,-58
1485172556,Cognimatics Guest,e0:3f:49:25:d6:b1,-58
1485172557,Cognimatics 2.4,e0:3f:49:25:d6:b0,-60
1485172557,Cognimatics Guest,e0:3f:49:25:d6:b1,-58
1485172557,Worxmate Guest,28:10:7b:15:f1:8e,-38
1485172557,Cognimatics Guest,e0:3f:49:25:d6:b1,-60
1485172557,Cognimatics 2.4,e0:3f:49:25:d6:b0,-62
1485172557,Worxmate Guest,28:10:7b:15:f1:8e,-36
1485172557,Worxmate Guest,28:10:7b:15:f1:8e,-38
1485172557,Cognimatics 2.4,e0:3f:49:25:d6:b0,-58
1485172557,Cognimatics Guest,e0:3f:49:25:d6:b1,-58
1485172557,Worxmate Guest,28:10:7b:15:f1:8e,-38
1485172557,Cognimatics 2.4,e0:3f:49:25:d6:b0,-54
1485172557,LOM-2G,a0:63:91:31:3f:72,-78
1485172557,Cognimatics 2.4,e0:3f:49:25:d6:b0,-58
1485172557,Cognimatics Guest,e0:3f:49:25:d6:b1,-60
1485172558,Cognimatics 2.4,e0:3f:49:25:d6:b0,-62
1485172558,Cognimatics Guest,e0:3f:49:25:d6:b1,-62
1485172558,Cognimatics 2.4,e0:3f:49:25:d6:b0,-64
1485172558,Cognimatics Guest,e0:3f:49:25:d6:b1,-64
1485172558,Cognimatics 2.4,e0:3f:49:25:d6:b0,-62
1485172558,Cognimatics Guest,e0:3f:49:25:d6:b1,-62
1485172558,Cognimatics 2.4,e0:3f:49:25:d6:b0,-64
1485172558,Cognimatics 2.4,e0:3f:49:25:d6:b0,-62
1485172558,Cognimatics Guest,e0:3f:49:25:d6:b1,-62
1485172558,Cognimatics 2.4,e0:3f:49:25:d6:b0,-64
1485172558,Cognimatics Guest,e0:3f:49:25:d6:b1,-64
1485172559,Worxmate Guest,28:10:7b:15:f1:8e,-42
1485172559,Cognimatics Guest,e0:3f:49:25:d6:b1,-80
1485172559,Worxmate Guest,28:10:7b:15:f1:8e,-44
1485172559,Worxmate Guest,28:10:7b:15:f1:8e,-46
1485172559,Cognimatics 2.4,e0:3f:49:25:d6:b0,-66
1485172559,Cognimatics Guest,e0:3f:49:25:d6:b1,-66
1485172560,Cognimatics 2.4,e0:3f:49:25:d6:b0,-62
1485172560,Cognimatics Guest,e0:3f:49:25:d6:b1,-62
1485172560,Cognimatics 2.4,e0:3f:49:25:d6:b0,-60
1485172560,Cognimatics Guest,e0:3f:49:25:d6:b1,-60
1485172560,Worxmate Guest,28:10:7b:15:f1:8e,-74
1485172560,Cognimatics 2.4,e0:3f:49:25:d6:b0,-62
1485172560,Cognimatics Guest,e0:3f:49:25:d6:b1,-62
1485172560,Cognimatics 2.4,e0:3f:49:25:d6:b0,-62
1485172560,Cognimatics Guest,e0:3f:49:25:d6:b1,-62
1485172560,Combain_GUEST,d0:17:c2:b3:49:72,-76
1485172560,Combain Mobile AB,94:44:44:fc:36:7b,-66
1485172560,Cognimatics 2.4,e0:3f:49:25:d6:b0,-68
1485172560,Cognimatics Guest,e0:3f:49:25:d6:b1,-68
1485172560,Combain Mobile AB,94:44:44:fc:36:7b,-58
1485172560,Combain Mobile AB,94:44:44:fc:36:7b,-64
1485172560,Combain Mobile AB,94:44:44:fc:36:7b,-64
1485172560,Cognimatics Guest,e0:3f:49:25:d6:b1,-66
1485172560,Combain Mobile AB,94:44:44:fc:36:7b,-64
1485172560,Combain Mobile AB,94:44:44:fc:36:7b,-68
1485172560,Combain Mobile AB,94:44:44:fc:36:7b,-68
1485172560,Cognimatics 2.4,e0:3f:49:25:d6:b0,-68
1485172560,Cognimatics Guest,e0:3f:49:25:d6:b1,-68
1485172561,Cognimatics 2.4,e0:3f:49:25:d6:b0,-62
1485172561,Cognimatics Guest,e0:3f:49:25:d6:b1,-62
1485172561,Worxmate Guest,28:10:7b:15:f1:8e,-42
1485172561,Cognimatics 2.4,e0:3f:49:25:d6:b0,-68
1485172561,Cognimatics Guest,e0:3f:49:25:d6:b1,-68
1485172561,Worxmate Guest,28:10:7b:15:f1:8e,-36
1485172561,Cognimatics 2.4,e0:3f:49:25:d6:b0,-68
1485172561,Cognimatics Guest,e0:3f:49:25:d6:b1,-66
1485172561,Cognimatics 2.4,e0:3f:49:25:d6:b0,-66
1485172561,Cognimatics 2.4,e0:3f:49:25:d6:b0,-70
1485172561,Cognimatics Guest,e0:3f:49:25:d6:b1,-70
1485172561,Cognimatics 2.4,e0:3f:49:25:d6:b0,-66
1485172561,Worxmate Guest,28:10:7b:15:f1:8e,-42
1485172561,Cognimatics 2.4,e0:3f:49:25:d6:b0,-66
1485172561,Cognimatics Guest,e0:3f:49:25:d6:b1,-66
1485172561,Cognimatics Guest,e0:3f:49:25:d6:b1,-60
1485172562,LOM-Guest2.4GHz,a2:63:91:31:3f:73,-76
1485172562,Cognimatics 2.4,e0:3f:49:25:d6:b0,-66
1485172562,Cognimatics Guest,e0:3f:49:25:d6:b1,-68
1485172562,Cognimatics 2.4,e0:3f:49:25:d6:b0,-62
1485172562,Cognimatics Guest,e0:3f:49:25:d6:b1,-62
1485172562,Cognimatics 2.4,e0:3f:49:25:d6:b0,-56
1485172562,Cognimatics Guest,e0:3f:49:25:d6:b1,-58
1485172562,Cognimatics Guest,e0:3f:49:25:d6:b1,-56
1485172562,Cognimatics 2.4,e0:3f:49:25:d6:b0,-58
1485172562,Cognimatics Guest,e0:3f:49:25:d6:b1,-58
1485172562,Cognimatics 2.4,e0:3f:49:25:d6:b0,-60
1485172562,Cognimatics Guest,e0:3f:49:25:d6:b1,-60
1485172562,Cognimatics 2.4,e0:3f:49:25:d6:b0,-60
1485172562,Cognimatics Guest,e0:3f:49:25:d6:b1,-62
1485172563,LOM-Guest2.4GHz,a2:63:91:31:3f:73,-76
1485172563,Cognimatics Guest,e0:3f:49:25:d6:b1,-62
1485172563,Cognimatics 2.4,e0:3f:49:25:d6:b0,-66
1485172563,Cognimatics Guest,e0:3f:49:25:d6:b1,-66
1485172563,Worxmate Guest,28:10:7b:15:f1:8e,-40
1485172563,Cognimatics 2.4,e0:3f:49:25:d6:b0,-66
1485172563,Cognimatics Guest,e0:3f:49:25:d6:b1,-64
1485172563,Worxmate Guest,28:10:7b:15:f1:8e,-40
1485172563,Cognimatics 2.4,e0:3f:49:25:d6:b0,-62
1485172563,Cognimatics Guest,e0:3f:49:25:d6:b1,-62
1485172563,Worxmate Guest,28:10:7b:15:f1:8e,-38
1485172563,Cognimatics 2.4,e0:3f:49:25:d6:b0,-62
1485172563,Cognimatics Guest,e0:3f:49:25:d6:b1,-60
1485172563,Cognimatics 2.4,e0:3f:49:25:d6:b0,-62
1485172563,Cognimatics Guest,e0:3f:49:25:d6:b1,-60
1485172563,Cognimatics 2.4,e0:3f:49:25:d6:b0,-64
1485172564,LOM-2G,a0:63:91:31:3f:72,-82
1485172564,LOM-Guest2.4GHz,a2:63:91:31:3f:73,-82
1485172564,Cognimatics Guest,e0:3f:49:25:d6:b1,-72
1485172564,Cognimatics 2.4,e0:3f:49:25:d6:b0,-64
1485172564,Cognimatics Guest,e0:3f:49:25:d6:b1,-64
1485172564,Cognimatics 2.4,e0:3f:49:25:d6:b0,-66
1485172564,Cognimatics 2.4,e0:3f:49:25:d6:b0,-64
1485172564,Cognimatics Guest,e0:3f:49:25:d6:b1,-66
1485172564,Cognimatics Guest,e0:3f:49:25:d6:b1,-66
1485172564,Cognimatics 2.4,e0:3f:49:25:d6:b0,-68
1485172564,Cognimatics Guest,e0:3f:49:25:d6:b1,-70
1485172564,Cognimatics 2.4,e0:3f:49:25:d6:b0,-70
1485172564,Cognimatics Guest,e0:3f:49:25:d6:b1,-70
1485172565,Cognimatics 2.4,e0:3f:49:25:d6:b0,-70
1485172565,Cognimatics Guest,e0:3f:49:25:d6:b1,-70
1485172565,Cognimatics 2.4,e0:3f:49:25:d6:b0,-64
1485172565,Cognimatics Guest,e0:3f:49:25:d6:b1,-62
1485172565,Cognimatics 2.4,e0:3f:49:25:d6:b0,-60
1485172565,Worxmate Guest,28:10:7b:15:f1:8e,-40
1485172565,Worxmate Guest,28:10:7b:15:f1:8e,-44
1485172565,Worxmate Guest,28:10:7b:15:f1:8e,-44
1485172565,Cognimatics 2.4,e0:3f:49:25:d6:b0,-66
1485172565,Worxmate Guest,28:10:7b:15:f1:8e,-36
1485172565,Cognimatics 2.4,e0:3f:49:25:d6:b0,-72
1485172565,Cognimatics Guest,e0:3f:49:25:d6:b1,-72
1485172565,Cognimatics 2.4,e0:3f:49:25:d6:b0,-72
1485172565,Cognimatics Guest,e0:3f:49:25:d6:b1,-72
1485172566,Cognimatics Guest,e0:3f:49:25:d6:b1,-66
1485172566,Cognimatics Guest,e0:3f:49:25:d6:b1,-66
1485172566,Cognimatics 2.4,e0:3f:49:25:d6:b0,-72
1485172566,Cognimatics 2.4,e0:3f:49:25:d6:b0,-66
1485172566,Cognimatics Guest,e0:3f:49:25:d6:b1,-64
1485172566,Cognimatics 2.4,e0:3f:49:25:d6:b0,-58
1485172566,Cognimatics Guest,e0:3f:49:25:d6:b1,-58
1485172566,Cognimatics 2.4,e0:3f:49:25:d6:b0,-60
1485172566,Cognimatics Guest,e0:3f:49:25:d6:b1,-60
1485172566,Cognimatics 2.4,e0:3f:49:25:d6:b0,-68
1485172566,Cognimatics 2.4,e0:3f:49:25:d6:b0,-62
1485172566,Cognimatics Guest,e0:3f:49:25:d6:b1,-62
1485172566,Cognimatics 2.4,e0:3f:49:25:d6:b0,-66
1485172566,Cognimatics Guest,e0:3f:49:25:d6:b1,-66
1485172567,Cognimatics 2.4,e0:3f:49:25:d6:b0,-66
1485172567,Cognimatics Guest,e0:3f:49:25:d6:b1,-66
1485172567,Cognimatics 2.4,e0:3f:49:25:d6:b0,-64
1485172567,Cognimatics Guest,e0:3f:49:25:d6:b1,-66
1485172567,Cognimatics 2.4,e0:3f:49:25:d6:b0,-62
1485172567,Cognimatics Guest,e0:3f:49:25:d6:b1,-62
1485172567,Cognimatics 2.4,e0:3f:49:25:d6:b0,-60
1485172567,Cognimatics Guest,e0:3f:49:25:d6:b1,-60
1485172567,Worxmate Guest,28:10:7b:15:f1:8e,-38
1485172567,Cognimatics 2.4,e0:3f:49:25:d6:b0,-62
1485172567,Cognimatics Guest,e0:3f:49:25:d6:b1,-62
1485172567,Cognimatics 2.4,e0:3f:49:25:d6:b0,-66
1485172567,Cognimatics Guest,e0:3f:49:25:d6:b1,-64
1485172567,Worxmate Guest,28:10:7b:15:f1:8e,-34
1485172567,Cognimatics Guest,e0:3f:49:25:d6:b1,-66
1485172567,Cognimatics 2.4,e0:3f:49:25:d6:b0,-68
1485172567,Cognimatics Guest,e0:3f:49:25:d6:b1,-66
1485172567,Worxmate Guest,28:10:7b:15:f1:8e,-40
1485172567,LOM-2G,a0:63:91:31:3f:72,-82
1485172567,Cognimatics 2.4,e0:3f:49:25:d6:b0,-66
1485172567,Cognimatics Guest,e0:3f:49:25:d6:b1,-66
1485172568,Cognimatics 2.4,e0:3f:49:25:d6:b0,-62
1485172568,Cognimatics Guest,e0:3f:49:25:d6:b1,-62
1485172568,Cognimatics 2.4,e0:3f:49:25:d6:b0,-62
1485172568,Cognimatics Guest,e0:3f:49:25:d6:b1,-62
1485172568,Cognimatics 2.4,e0:3f:49:25:d6:b0,-62
1485172568,Cognimatics Guest,e0:3f:49:25:d6:b1,-62
1485172568,Cognimatics 2.4,e0:3f:49:25:d6:b0,-62
1485172568,Cognimatics Guest,e0:3f:49:25:d6:b1,-62
1485172568,LOM-Guest2.4GHz,a2:63:91:31:3f:73,-76
1485172568,LOM-2G,a0:63:91:31:3f:72,-76
1485172568,Cognimatics 2.4,e0:3f:49:25:d6:b0,-60
1485172568,Cognimatics Guest,e0:3f:49:25:d6:b1,-60
1485172568,Cognimatics 2.4,e0:3f:49:25:d6:b0,-64
1485172568,Cognimatics Guest,e0:3f:49:25:d6:b1,-64
1485172568,Cognimatics 2.4,e0:3f:49:25:d6:b0,-68
1485172568,Cognimatics 2.4,e0:3f:49:25:d6:b0,-62
1485172568,Cognimatics Guest,e0:3f:49:25:d6:b1,-62
1485172569,Cognimatics 2.4,e0:3f:49:25:d6:b0,-62
1485172569,Cognimatics Guest,e0:3f:49:25:d6:b1,-62
1485172569,Cognimatics Guest,e0:3f:49:25:d6:b1,-72
1485172569,Cognimatics Guest,e0:3f:49:25:d6:b1,-66
1485172569,Cognimatics 2.4,e0:3f:49:25:d6:b0,-66
1485172569,Cognimatics Guest,e0:3f:49:25:d6:b1,-68
1485172569,Worxmate Guest,28:10:7b:15:f1:8e,-38
1485172569,Cognimatics 2.4,e0:3f:49:25:d6:b0,-70
1485172569,Cognimatics Guest,e0:3f:49:25:d6:b1,-70
1485172569,Cognimatics 2.4,e0:3f:49:25:d6:b0,-60
1485172569,Cognimatics Guest,e0:3f:49:25:d6:b1,-62
1485172569,Worxmate Guest,28:10:7b:15:f1:8e,-40
1485172569,Cognimatics 2.4,e0:3f:49:25:d6:b0,-60
1485172569,Cognimatics Guest,e0:3f:49:25:d6:b1,-60
1485172569,Worxmate Guest,28:10:7b:15:f1:8e,-38
1485172570,Cognimatics 2.4,e0:3f:49:25:d6:b0,-60
1485172570,Cognimatics Guest,e0:3f:49:25:d6:b1,-60
1485172570,Cognimatics 2.4,e0:3f:49:25:d6:b0,-58
1485172570,Cognimatics Guest,e0:3f:49:25:d6:b1,-58
1485172570,Cognimatics 2.4,e0:3f:49:25:d6:b0,-58
1485172570,Cognimatics Guest,e0:3f:49:25:d6:b1,-60
1485172570,Cognimatics 2.4,e0:3f:49:25:d6:b0,-68
1485172570,Cognimatics Guest,e0:3f:49:25:d6:b1,-68
1485172570,LOM-2G,a0:63:91:31:3f:72,-78
1485172570,Cognimatics Guest,e0:3f:49:25:d6:b1,-60
1485172570,LOM-Guest2.4GHz,a2:63:91:31:3f:73,-76
1485172570,Cognimatics 2.4,e0:3f:49:25:d6:b0,-64
1485172570,Cognimatics Guest,e0:3f:49:25:d6:b1,-64
1485172570,Cognimatics Guest,e0:3f:49:25:d6:b1,-68
1485172570,Cognimatics Guest,e0:3f:49:25:d6:b1,-66
1485172570,Cognimatics 2.4,e0:3f:49:25:d6:b0,-66
1485172570,Cognimatics Guest,e0:3f:49:25:d6:b1,-66
1485172571,Cognimatics Guest,e0:3f:49:25:d6:b1,-68
1485172571,Worxmate Guest,28:10:7b:15:f1:8e,-42
1485172571,Cognimatics 2.4,e0:3f:49:25:d6:b0,-62
1485172571,Cognimatics Guest,e0:3f:49:25:d6:b1,-62
1485172571,Cognimatics 2.4,e0:3f:49:25:d6:b0,-60
1485172571,Cognimatics Guest,e0:3f:49:25:d6:b1,-60
1485172571,Cognimatics 2.4,e0:3f:49:25:d6:b0,-62
1485172571,Cognimatics Guest,e0:3f:49:25:d6:b1,-64
1485172571,Worxmate Guest,28:10:7b:15:f1:8e,-38
1485172571,LOM-Guest2.4GHz,a2:63:91:31:3f:73,-78
1485172571,Worxmate Guest,28:10:7b:15:f1:8e,-32
1485172571,Cognimatics Guest,e0:3f:49:25:d6:b1,-66
1485172571,Cognimatics 2.4,e0:3f:49:25:d6:b0,-64
1485172571,Cognimatics Guest,e0:3f:49:25:d6:b1,-62
1485172571,Worxmate Guest,28:10:7b:15:f1:8e,-36
1485172572,Cognimatics Guest,e0:3f:49:25:d6:b1,-72
1485172572,Worxmate Guest,28:10:7b:15:f1:8e,-62
1485172572,Cognimatics Guest,e0:3f:49:25:d6:b1,-68
1485172572,Cognimatics Guest,e0:3f:49:25:d6:b1,-68
1485172572,Cognimatics Guest,e0:3f:49:25:d6:b1,-70
1485172573,Cognimatics Guest,e0:3f:49:25:d6:b1,-62
1485172573,Cognimatics Guest,e0:3f:49:25:d6:b1,-64
1485172573,Combain Mobile AB,94:44:44:fc:36:7b,-68
1485172573,Combain Mobile AB,94:44:44:fc:36:7b,-68
1485172573,Combain Mobile AB,94:44:44:fc:36:7b,-68
1485172573,Combain Mobile AB,94:44:44:fc:36:7b,-64
1485172573,Cognimatics 2.4,e0:3f:49:25:d6:b0,-68
1485172573,Cognimatics Guest,e0:3f:49:25:d6:b1,-68
1485172573,Worxmate Guest,28:10:7b:15:f1:8e,-28
1485172573,Cognimatics Guest,e0:3f:49:25:d6:b1,-68
1485172573,Worxmate Guest,28:10:7b:15:f1:8e,-30
1485172573,Cognimatics 2.4,e0:3f:49:25:d6:b0,-64
1485172573,Cognimatics Guest,e0:3f:49:25:d6:b1,-64
1485172573,Cognimatics 2.4,e0:3f:49:25:d6:b0,-60
1485172573,Cognimatics Guest,e0:3f:49:25:d6:b1,-60
1485172573,Worxmate Guest,28:10:7b:15:f1:8e,-38
1485172574,Cognimatics 2.4,e0:3f:49:25:d6:b0,-66
1485172574,Cognimatics Guest,e0:3f:49:25:d6:b1,-66
1485172574,Cognimatics Guest,e0:3f:49:25:d6:b1,-68
1485172574,Combain_5G,00:71:cc:0f:43:57,-60
1485172574,Combain_5G,00:71:cc:0f:43:57,-56
1485172574,Cognimatics 2.4,e0:3f:49:25:d6:b0,-66
1485172574,Cognimatics Guest,e0:3f:49:25:d6:b1,-66
1485172574,Cognimatics Guest,e0:3f:49:25:d6:b1,-66
1485172574,Cognimatics 2.4,e0:3f:49:25:d6:b0,-64
1485172574,Cognimatics Guest,e0:3f:49:25:d6:b1,-64
1485172574,LOM-2G,a0:63:91:31:3f:72,-78
1485172574,LOM-Guest2.4GHz,a2:63:91:31:3f:73,-78
1485172574,Cognimatics 2.4,e0:3f:49:25:d6:b0,-66
1485172574,Cognimatics Guest,e0:3f:49:25:d6:b1,-66
1485172574,Cognimatics 2.4,e0:3f:49:25:d6:b0,-68
1485172574,Cognimatics Guest,e0:3f:49:25:d6:b1,-68
1485172574,LOM-2G,a0:63:91:31:3f:72,-78
1485172574,LOM-Guest2.4GHz,a2:63:91:31:3f:73,-74
1485172574,Cognimatics 2.4,e0:3f:49:25:d6:b0,-66
1485172574,Cognimatics Guest,e0:3f:49:25:d6:b1,-66
1485172575,Cognimatics 2.4,e0:3f:49:25:d6:b0,-62
1485172575,Cognimatics Guest,e0:3f:49:25:d6:b1,-62
1485172575,LOM-2G,a0:63:91:31:3f:72,-78
1485172575,LOM-2G,a0:63:91:31:3f:72,-80
1485172575,Worxmate Guest,28:10:7b:15:f1:8e,-32
1485172575,Worxmate Guest,28:10:7b:15:f1:8e,-22
1485172575,LOM-Guest2.4GHz,a2:63:91:31:3f:73,-78
1485172575,Cognimatics Guest,e0:3f:49:25:d6:b1,-60
1485172575,Cognimatics 2.4,e0:3f:49:25:d6:b0,-66
1485172575,Cognimatics Guest,e0:3f:49:25:d6:b1,-66
1485172575,Cognimatics 2.4,e0:3f:49:25:d6:b0,-62
1485172575,Cognimatics Guest,e0:3f:49:25:d6:b1,-62
1485172575,Worxmate Guest,28:10:7b:15:f1:8e,-22
1485172575,Cognimatics 2.4,e0:3f:49:25:d6:b0,-66
1485172575,Cognimatics Guest,e0:3f:49:25:d6:b1,-66
1485172575,Cognimatics 2.4,e0:3f:49:25:d6:b0,-60
1485172575,Cognimatics 2.4,e0:3f:49:25:d6:b0,-60
1485172575,Cognimatics Guest,e0:3f:49:25:d6:b1,-58
1485172575,Cognimatics Guest,e0:3f:49:25:d6:b1,-60
1485172575,Cognimatics Guest,e0:3f:49:25:d6:b1,-60
1485172575,Cognimatics Guest,e0:3f:49:25:d6:b1,-60
1485172575,Cognimatics Guest,e0:3f:49:25:d6:b1,-60
1485172575,Cognimatics 2.4,e0:3f:49:25:d6:b0,-60
1485172575,Cognimatics Guest,e0:3f:49:25:d6:b1,-60
1485172575,Worxmate Guest,28:10:7b:15:f1:8e,-20
1485172575,Cognimatics Guest,e0:3f:49:25:d6:b1,-66
1485172575,Cognimatics 2.4,e0:3f:49:25:d6:b0,-60
1485172575,Cognimatics 2.4,e0:3f:49:25:d6:b0,-60
1485172575,Cognimatics 2.4,e0:3f:49:25:d6:b0,-62
